{
    "1001->1002": 0.282527,
    "1001->1003": 0.428586,
    "1001->1004": 0.370538,
    "1001->1005": 0.33426,
    "1001->1006": 0.534151,
    "1001->1007": 0.399552,
    "1001->1008": 0.44433,
    "1001->1009": 0.549267,
    "1001->1010": 0.543558,
    "1001->1011": 0.446607,
    "1001->1012": 0.494349,
    "1001->1013": 0.346661,
    "1001->1014": 0.360704,
    "1001->1015": 0.346147,
    "1001->1016": 0.373238,
    "1002->1001": 0.366932,
    "1002->1003": 0.372067,
    "1002->1004": 0.51466,
    "1002->1005": 0.528689,
    "1002->1006": 0.391163,
    "1002->1007": 0.504266,
    "1002->1008": 0.311202,
    "1002->1009": 0.424701,
    "1002->1010": 0.352123,
    "1002->1011": 0.348989,
    "1002->1012": 0.371216,
    "1002->1013": 0.503168,
    "1002->1014": 0.524576,
    "1002->1015": 0.543921,
    "1002->1016": 0.352472,
    "1003->1001": 0.41737,
    "1003->1002": 0.363316,
    "1003->1004": 0.534843,
    "1003->1005": 0.36138,
    "1003->1006": 0.313951,
    "1003->1007": 0.435027,
    "1003->1008": 0.476099,
    "1003->1009": 0.413378,
    "1003->1010": 0.383682,
    "1003->1011": 0.516909,
    "1003->1012": 0.488128,
    "1003->1013": 0.413488,
    "1003->1014": 0.417188,
    "1003->1015": 0.49207,
    "1003->1016": 0.412714,
    "1004->1001": 0.275004,
    "1004->1002": 0.501573,
    "1004->1003": 0.479254,
    "1004->1005": 0.423149,
    "1004->1006": 0.402133,
    "1004->1007": 0.488245,
    "1004->1008": 0.460422,
    "1004->1009": 0.311657,
    "1004->1010": 0.306011,
    "1004->1011": 0.460602,
    "1004->1012": 0.359149,
    "1004->1013": 0.458012,
    "1004->1014": 0.448772,
    "1004->1015": 0.574114,
    "1004->1016": 0.362742,
    "1005->1001": 0.491604,
    "1005->1002": 0.375483,
    "1005->1003": 0.346519,
    "1005->1004": 0.366625,
    "1005->1006": 0.496604,
    "1005->1007": 0.446077,
    "1005->1008": 0.341461,
    "1005->1009": 0.49708,
    "1005->1010": 0.453926,
    "1005->1011": 0.323884,
    "1005->1012": 0.416329,
    "1005->1013": 0.496924,
    "1005->1014": 0.431945,
    "1005->1015": 0.421518,
    "1005->1016": 0.388778,
    "1006->1001": 0.495502,
    "1006->1002": 0.33285,
    "1006->1003": 0.421293,
    "1006->1004": 0.361546,
    "1006->1005": 0.472372,
    "1006->1007": 0.509445,
    "1006->1008": 0.437506,
    "1006->1009": 0.484341,
    "1006->1010": 0.5294,
    "1006->1011": 0.44851,
    "1006->1012": 0.504603,
    "1006->1013": 0.327045,
    "1006->1014": 0.423451,
    "1006->1015": 0.326953,
    "1006->1016": 0.395819,
    "1007->1001": 0.33381,
    "1007->1002": 0.47443,
    "1007->1003": 0.270234,
    "1007->1004": 0.386062,
    "1007->1005": 0.529658,
    "1007->1006": 0.422656,
    "1007->1008": 0.357547,
    "1007->1009": 0.408793,
    "1007->1010": 0.278204,
    "1007->1011": 0.308875,
    "1007->1012": 0.340733,
    "1007->1013": 0.527081,
    "1007->1014": 0.486059,
    "1007->1015": 0.481864,
    "1007->1016": 0.442234,
    "1008->1001": 0.294793,
    "1008->1002": 0.433917,
    "1008->1003": 0.493964,
    "1008->1004": 0.496699,
    "1008->1005": 0.371803,
    "1008->1006": 0.370976,
    "1008->1007": 0.421777,
    "1008->1009": 0.268786,
    "1008->1010": 0.438747,
    "1008->1011": 0.585625,
    "1008->1012": 0.502753,
    "1008->1013": 0.3449,
    "1008->1014": 0.371136,
    "1008->1015": 0.500135,
    "1008->1016": 0.509687,
    "1009->1001": 0.463708,
    "1009->1002": 0.273436,
    "1009->1003": 0.451984,
    "1009->1004": 0.362448,
    "1009->1005": 0.367545,
    "1009->1006": 0.526376,
    "1009->1007": 0.384109,
    "1009->1008": 0.486809,
    "1009->1010": 0.462929,
    "1009->1011": 0.438978,
    "1009->1012": 0.515109,
    "1009->1013": 0.367233,
    "1009->1014": 0.338461,
    "1009->1015": 0.406413,
    "1009->1016": 0.400581,
    "1010->1001": 0.487514,
    "1010->1002": 0.3173,
    "1010->1003": 0.48917,
    "1010->1004": 0.383132,
    "1010->1005": 0.326647,
    "1010->1006": 0.473135,
    "1010->1007": 0.344855,
    "1010->1008": 0.473553,
    "1010->1009": 0.529211,
    "1010->1011": 0.485906,
    "1010->1012": 0.546173,
    "1010->1013": 0.284382,
    "1010->1014": 0.391401,
    "1010->1015": 0.375044,
    "1010->1016": 0.391892,
    "1011->1001": 0.357607,
    "1011->1002": 0.402267,
    "1011->1003": 0.569035,
    "1011->1004": 0.502714,
    "1011->1005": 0.380545,
    "1011->1006": 0.35264,
    "1011->1007": 0.425262,
    "1011->1008": 0.455451,
    "1011->1009": 0.334252,
    "1011->1010": 0.431988,
    "1011->1012": 0.506626,
    "1011->1013": 0.335845,
    "1011->1014": 0.361064,
    "1011->1015": 0.491466,
    "1011->1016": 0.518117,
    "1012->1001": 0.386917,
    "1012->1002": 0.339361,
    "1012->1003": 0.527849,
    "1012->1004": 0.431719,
    "1012->1005": 0.33929,
    "1012->1006": 0.560226,
    "1012->1007": 0.459721,
    "1012->1008": 0.533601,
    "1012->1009": 0.405617,
    "1012->1010": 0.429815,
    "1012->1011": 0.503228,
    "1012->1013": 0.299624,
    "1012->1014": 0.392949,
    "1012->1015": 0.414334,
    "1012->1016": 0.472493,
    "1013->1001": 0.440227,
    "1013->1002": 0.408859,
    "1013->1003": 0.36066,
    "1013->1004": 0.291903,
    "1013->1005": 0.566692,
    "1013->1006": 0.491497,
    "1013->1007": 0.501057,
    "1013->1008": 0.340977,
    "1013->1009": 0.468573,
    "1013->1010": 0.411868,
    "1013->1011": 0.375094,
    "1013->1012": 0.392089,
    "1013->1014": 0.550323,
    "1013->1015": 0.3263,
    "1013->1016": 0.416857,
    "1014->1001": 0.402548,
    "1014->1002": 0.459242,
    "1014->1003": 0.335736,
    "1014->1004": 0.382142,
    "1014->1005": 0.533218,
    "1014->1006": 0.474213,
    "1014->1007": 0.433193,
    "1014->1008": 0.288261,
    "1014->1009": 0.434096,
    "1014->1010": 0.396289,
    "1014->1011": 0.296541,
    "1014->1012": 0.374884,
    "1014->1013": 0.487138,
    "1014->1015": 0.375363,
    "1014->1016": 0.309385,
    "1015->1001": 0.373938,
    "1015->1002": 0.556013,
    "1015->1003": 0.453675,
    "1015->1004": 0.578035,
    "1015->1005": 0.433987,
    "1015->1006": 0.355152,
    "1015->1007": 0.537423,
    "1015->1008": 0.361447,
    "1015->1009": 0.330489,
    "1015->1010": 0.295284,
    "1015->1011": 0.492286,
    "1015->1012": 0.418134,
    "1015->1013": 0.49643,
    "1015->1014": 0.481355,
    "1015->1016": 0.411822,
    "1016->1001": 0.259843,
    "1016->1002": 0.461887,
    "1016->1003": 0.425794,
    "1016->1004": 0.461145,
    "1016->1005": 0.423361,
    "1016->1006": 0.285907,
    "1016->1007": 0.480321,
    "1016->1008": 0.406368,
    "1016->1009": 0.386927,
    "1016->1010": 0.342422,
    "1016->1011": 0.341535,
    "1016->1012": 0.295225,
    "1016->1013": 0.406411,
    "1016->1014": 0.416895,
    "1016->1015": 0.506737
}