{
    "1001->1002": 0.596905,
    "1001->1003": 0.453616,
    "1001->1004": 0.594935,
    "1001->1005": 0.537371,
    "1001->1006": 0.472727,
    "1001->1007": 0.449068,
    "1001->1008": 0.480373,
    "1001->1009": 0.556999,
    "1001->1010": 0.577895,
    "1001->1011": 0.647658,
    "1001->1012": 0.518317,
    "1001->1013": 0.588924,
    "1001->1014": 0.48355,
    "1001->1015": 0.604943,
    "1001->1016": 0.503058,
    "1002->1001": 0.603598,
    "1002->1003": 0.480281,
    "1002->1004": 0.370932,
    "1002->1005": 0.626462,
    "1002->1006": 0.522686,
    "1002->1007": 0.487473,
    "1002->1008": 0.4074,
    "1002->1009": 0.529578,
    "1002->1010": 0.39874,
    "1002->1011": 0.686112,
    "1002->1012": 0.596049,
    "1002->1013": 0.647269,
    "1002->1014": 0.524559,
    "1002->1015": 0.562116,
    "1002->1016": 0.634545,
    "1003->1001": 0.52671,
    "1003->1002": 0.536686,
    "1003->1004": 0.699581,
    "1003->1005": 0.50881,
    "1003->1006": 0.473143,
    "1003->1007": 0.577477,
    "1003->1008": 0.344909,
    "1003->1009": 0.429221,
    "1003->1010": 0.551274,
    "1003->1011": 0.634585,
    "1003->1012": 0.607239,
    "1003->1013": 0.606659,
    "1003->1014": 0.482393,
    "1003->1015": 0.613144,
    "1003->1016": 0.50521,
    "1004->1001": 0.460495,
    "1004->1002": 0.46707,
    "1004->1003": 0.623188,
    "1004->1005": 0.457194,
    "1004->1006": 0.48595,
    "1004->1007": 0.622368,
    "1004->1008": 0.595508,
    "1004->1009": 0.44513,
    "1004->1010": 0.606757,
    "1004->1011": 0.548371,
    "1004->1012": 0.532588,
    "1004->1013": 0.549033,
    "1004->1014": 0.518323,
    "1004->1015": 0.624075,
    "1004->1016": 0.360627,
    "1005->1001": 0.512572,
    "1005->1002": 0.633823,
    "1005->1003": 0.466488,
    "1005->1004": 0.420523,
    "1005->1006": 0.555614,
    "1005->1007": 0.443243,
    "1005->1008": 0.508436,
    "1005->1009": 0.575294,
    "1005->1010": 0.480207,
    "1005->1011": 0.683771,
    "1005->1012": 0.637897,
    "1005->1013": 0.466583,
    "1005->1014": 0.535572,
    "1005->1015": 0.602493,
    "1005->1016": 0.669374,
    "1006->1001": 0.393799,
    "1006->1002": 0.396994,
    "1006->1003": 0.485075,
    "1006->1004": 0.492925,
    "1006->1005": 0.496585,
    "1006->1007": 0.502894,
    "1006->1008": 0.528611,
    "1006->1009": 0.580375,
    "1006->1010": 0.545723,
    "1006->1011": 0.541776,
    "1006->1012": 0.447559,
    "1006->1013": 0.499496,
    "1006->1014": 0.647298,
    "1006->1015": 0.627894,
    "1006->1016": 0.650103,
    "1007->1001": 0.43009,
    "1007->1002": 0.446554,
    "1007->1003": 0.488476,
    "1007->1004": 0.581303,
    "1007->1005": 0.456616,
    "1007->1006": 0.46187,
    "1007->1008": 0.603751,
    "1007->1009": 0.363074,
    "1007->1010": 0.655444,
    "1007->1011": 0.462539,
    "1007->1012": 0.646342,
    "1007->1013": 0.509748,
    "1007->1014": 0.532232,
    "1007->1015": 0.619004,
    "1007->1016": 0.474479,
    "1008->1001": 0.380181,
    "1008->1002": 0.388881,
    "1008->1003": 0.468866,
    "1008->1004": 0.603483,
    "1008->1005": 0.373054,
    "1008->1006": 0.612348,
    "1008->1007": 0.628792,
    "1008->1009": 0.512568,
    "1008->1010": 0.555331,
    "1008->1011": 0.467671,
    "1008->1012": 0.559492,
    "1008->1013": 0.452334,
    "1008->1014": 0.605641,
    "1008->1015": 0.66382,
    "1008->1016": 0.689562,
    "1009->1001": 0.541761,
    "1009->1002": 0.586156,
    "1009->1003": 0.38469,
    "1009->1004": 0.357101,
    "1009->1005": 0.631001,
    "1009->1006": 0.721442,
    "1009->1007": 0.446493,
    "1009->1008": 0.45343,
    "1009->1010": 0.443092,
    "1009->1011": 0.685607,
    "1009->1012": 0.602038,
    "1009->1013": 0.581029,
    "1009->1014": 0.588029,
    "1009->1015": 0.635319,
    "1009->1016": 0.556591,
    "1010->1001": 0.443057,
    "1010->1002": 0.407425,
    "1010->1003": 0.531183,
    "1010->1004": 0.580785,
    "1010->1005": 0.490284,
    "1010->1006": 0.5656,
    "1010->1007": 0.567415,
    "1010->1008": 0.535451,
    "1010->1009": 0.516692,
    "1010->1011": 0.422507,
    "1010->1012": 0.567653,
    "1010->1013": 0.523173,
    "1010->1014": 0.631408,
    "1010->1015": 0.684219,
    "1010->1016": 0.607003,
    "1011->1001": 0.60888,
    "1011->1002": 0.63946,
    "1011->1003": 0.411473,
    "1011->1004": 0.565391,
    "1011->1005": 0.632039,
    "1011->1006": 0.473266,
    "1011->1007": 0.521718,
    "1011->1008": 0.544329,
    "1011->1009": 0.576303,
    "1011->1010": 0.498557,
    "1011->1012": 0.496537,
    "1011->1013": 0.587005,
    "1011->1014": 0.47892,
    "1011->1015": 0.564292,
    "1011->1016": 0.569159,
    "1012->1001": 0.494884,
    "1012->1002": 0.550239,
    "1012->1003": 0.633243,
    "1012->1004": 0.656456,
    "1012->1005": 0.515711,
    "1012->1006": 0.625062,
    "1012->1007": 0.491513,
    "1012->1008": 0.461752,
    "1012->1009": 0.512093,
    "1012->1010": 0.537473,
    "1012->1011": 0.568942,
    "1012->1013": 0.641324,
    "1012->1014": 0.44147,
    "1012->1015": 0.549432,
    "1012->1016": 0.465045,
    "1013->1001": 0.565131,
    "1013->1002": 0.523594,
    "1013->1003": 0.511422,
    "1013->1004": 0.705699,
    "1013->1005": 0.578872,
    "1013->1006": 0.448572,
    "1013->1007": 0.378747,
    "1013->1008": 0.370926,
    "1013->1009": 0.432142,
    "1013->1010": 0.382728,
    "1013->1011": 0.532118,
    "1013->1012": 0.685861,
    "1013->1014": 0.459403,
    "1013->1015": 0.625838,
    "1013->1016": 0.51285,
    "1014->1001": 0.324114,
    "1014->1002": 0.527971,
    "1014->1003": 0.431094,
    "1014->1004": 0.495186,
    "1014->1005": 0.593621,
    "1014->1006": 0.60969,
    "1014->1007": 0.554687,
    "1014->1008": 0.559853,
    "1014->1009": 0.549058,
    "1014->1010": 0.562607,
    "1014->1011": 0.571344,
    "1014->1012": 0.507293,
    "1014->1013": 0.52262,
    "1014->1015": 0.53136,
    "1014->1016": 0.549119,
    "1015->1001": 0.485165,
    "1015->1002": 0.572544,
    "1015->1003": 0.614037,
    "1015->1004": 0.475703,
    "1015->1005": 0.597117,
    "1015->1006": 0.675271,
    "1015->1007": 0.554247,
    "1015->1008": 0.591321,
    "1015->1009": 0.560157,
    "1015->1010": 0.56345,
    "1015->1011": 0.622745,
    "1015->1012": 0.571152,
    "1015->1013": 0.593906,
    "1015->1014": 0.488248,
    "1015->1016": 0.67383,
    "1016->1001": 0.468833,
    "1016->1002": 0.500509,
    "1016->1003": 0.504184,
    "1016->1004": 0.437709,
    "1016->1005": 0.576652,
    "1016->1006": 0.595345,
    "1016->1007": 0.619177,
    "1016->1008": 0.622605,
    "1016->1009": 0.574208,
    "1016->1010": 0.477823,
    "1016->1011": 0.588059,
    "1016->1012": 0.615219,
    "1016->1013": 0.524893,
    "1016->1014": 0.556056,
    "1016->1015": 0.690379
}