{
    "1001->1002": 0.394866,
    "1001->1003": 0.419218,
    "1001->1004": 0.444905,
    "1001->1005": 0.401373,
    "1001->1006": 0.398001,
    "1001->1007": 0.419282,
    "1001->1008": 0.465645,
    "1001->1009": 0.444453,
    "1001->1010": 0.481715,
    "1001->1011": 0.459446,
    "1001->1012": 0.458042,
    "1001->1013": 0.418954,
    "1001->1014": 0.410036,
    "1001->1015": 0.438495,
    "1001->1016": 0.411162,
    "1002->1001": 0.461853,
    "1002->1003": 0.386039,
    "1002->1004": 0.458282,
    "1002->1005": 0.44861,
    "1002->1006": 0.431126,
    "1002->1007": 0.44702,
    "1002->1008": 0.411074,
    "1002->1009": 0.443326,
    "1002->1010": 0.431239,
    "1002->1011": 0.478953,
    "1002->1012": 0.461108,
    "1002->1013": 0.446118,
    "1002->1014": 0.431618,
    "1002->1015": 0.440006,
    "1002->1016": 0.403897,
    "1003->1001": 0.416617,
    "1003->1002": 0.430749,
    "1003->1004": 0.418229,
    "1003->1005": 0.39209,
    "1003->1006": 0.386191,
    "1003->1007": 0.401687,
    "1003->1008": 0.423697,
    "1003->1009": 0.445279,
    "1003->1010": 0.426563,
    "1003->1011": 0.496681,
    "1003->1012": 0.494338,
    "1003->1013": 0.463312,
    "1003->1014": 0.432845,
    "1003->1015": 0.444003,
    "1003->1016": 0.428601,
    "1004->1001": 0.430846,
    "1004->1002": 0.449806,
    "1004->1003": 0.431372,
    "1004->1005": 0.473124,
    "1004->1006": 0.397568,
    "1004->1007": 0.439924,
    "1004->1008": 0.431892,
    "1004->1009": 0.383997,
    "1004->1010": 0.445888,
    "1004->1011": 0.438003,
    "1004->1012": 0.420409,
    "1004->1013": 0.448219,
    "1004->1014": 0.417113,
    "1004->1015": 0.432241,
    "1004->1016": 0.387655,
    "1005->1001": 0.442227,
    "1005->1002": 0.464811,
    "1005->1003": 0.424859,
    "1005->1004": 0.463424,
    "1005->1006": 0.457209,
    "1005->1007": 0.380701,
    "1005->1008": 0.391083,
    "1005->1009": 0.417028,
    "1005->1010": 0.420584,
    "1005->1011": 0.457489,
    "1005->1012": 0.429401,
    "1005->1013": 0.486372,
    "1005->1014": 0.431369,
    "1005->1015": 0.437221,
    "1005->1016": 0.412195,
    "1006->1001": 0.400551,
    "1006->1002": 0.407028,
    "1006->1003": 0.426058,
    "1006->1004": 0.448796,
    "1006->1005": 0.488326,
    "1006->1007": 0.47473,
    "1006->1008": 0.394656,
    "1006->1009": 0.433311,
    "1006->1010": 0.430332,
    "1006->1011": 0.441979,
    "1006->1012": 0.421619,
    "1006->1013": 0.477036,
    "1006->1014": 0.515957,
    "1006->1015": 0.431338,
    "1006->1016": 0.437963,
    "1007->1001": 0.42051,
    "1007->1002": 0.424422,
    "1007->1003": 0.375207,
    "1007->1004": 0.449064,
    "1007->1005": 0.449254,
    "1007->1006": 0.484309,
    "1007->1008": 0.419706,
    "1007->1009": 0.378294,
    "1007->1010": 0.438466,
    "1007->1011": 0.443349,
    "1007->1012": 0.434163,
    "1007->1013": 0.411516,
    "1007->1014": 0.486434,
    "1007->1015": 0.43526,
    "1007->1016": 0.468689,
    "1008->1001": 0.386472,
    "1008->1002": 0.39385,
    "1008->1003": 0.449006,
    "1008->1004": 0.46286,
    "1008->1005": 0.383672,
    "1008->1006": 0.430207,
    "1008->1007": 0.437904,
    "1008->1009": 0.471822,
    "1008->1010": 0.457585,
    "1008->1011": 0.399723,
    "1008->1012": 0.429994,
    "1008->1013": 0.41715,
    "1008->1014": 0.454642,
    "1008->1015": 0.501948,
    "1008->1016": 0.486393,
    "1009->1001": 0.41561,
    "1009->1002": 0.405103,
    "1009->1003": 0.422261,
    "1009->1004": 0.358348,
    "1009->1005": 0.430012,
    "1009->1006": 0.470113,
    "1009->1007": 0.416496,
    "1009->1008": 0.451879,
    "1009->1010": 0.439457,
    "1009->1011": 0.44827,
    "1009->1012": 0.421534,
    "1009->1013": 0.435637,
    "1009->1014": 0.45102,
    "1009->1015": 0.490796,
    "1009->1016": 0.461378,
    "1010->1001": 0.430888,
    "1010->1002": 0.396325,
    "1010->1003": 0.444088,
    "1010->1004": 0.412062,
    "1010->1005": 0.381992,
    "1010->1006": 0.403082,
    "1010->1007": 0.449244,
    "1010->1008": 0.498361,
    "1010->1009": 0.475624,
    "1010->1011": 0.432517,
    "1010->1012": 0.455878,
    "1010->1013": 0.369444,
    "1010->1014": 0.423248,
    "1010->1015": 0.468758,
    "1010->1016": 0.449424,
    "1011->1001": 0.445288,
    "1011->1002": 0.486941,
    "1011->1003": 0.449533,
    "1011->1004": 0.449371,
    "1011->1005": 0.44704,
    "1011->1006": 0.412766,
    "1011->1007": 0.444196,
    "1011->1008": 0.44203,
    "1011->1009": 0.414352,
    "1011->1010": 0.431073,
    "1011->1012": 0.461526,
    "1011->1013": 0.408726,
    "1011->1014": 0.425938,
    "1011->1015": 0.430317,
    "1011->1016": 0.499415,
    "1012->1001": 0.452293,
    "1012->1002": 0.429843,
    "1012->1003": 0.479703,
    "1012->1004": 0.397735,
    "1012->1005": 0.359604,
    "1012->1006": 0.421433,
    "1012->1007": 0.436048,
    "1012->1008": 0.439947,
    "1012->1009": 0.437397,
    "1012->1010": 0.477433,
    "1012->1011": 0.498457,
    "1012->1013": 0.392134,
    "1012->1014": 0.421536,
    "1012->1015": 0.383916,
    "1012->1016": 0.444327,
    "1013->1001": 0.435765,
    "1013->1002": 0.444878,
    "1013->1003": 0.452493,
    "1013->1004": 0.429294,
    "1013->1005": 0.496728,
    "1013->1006": 0.424783,
    "1013->1007": 0.389162,
    "1013->1008": 0.396304,
    "1013->1009": 0.435306,
    "1013->1010": 0.44731,
    "1013->1011": 0.408801,
    "1013->1012": 0.478658,
    "1013->1014": 0.383202,
    "1013->1015": 0.440653,
    "1013->1016": 0.377059,
    "1014->1001": 0.378826,
    "1014->1002": 0.411897,
    "1014->1003": 0.427345,
    "1014->1004": 0.421865,
    "1014->1005": 0.474215,
    "1014->1006": 0.502469,
    "1014->1007": 0.459699,
    "1014->1008": 0.424383,
    "1014->1009": 0.454994,
    "1014->1010": 0.377384,
    "1014->1011": 0.462346,
    "1014->1012": 0.404569,
    "1014->1013": 0.447802,
    "1014->1015": 0.44477,
    "1014->1016": 0.463832,
    "1015->1001": 0.3585,
    "1015->1002": 0.429521,
    "1015->1003": 0.450865,
    "1015->1004": 0.444838,
    "1015->1005": 0.466274,
    "1015->1006": 0.45927,
    "1015->1007": 0.420485,
    "1015->1008": 0.403188,
    "1015->1009": 0.469347,
    "1015->1010": 0.416899,
    "1015->1011": 0.419406,
    "1015->1012": 0.382455,
    "1015->1013": 0.464567,
    "1015->1014": 0.455802,
    "1015->1016": 0.475195,
    "1016->1001": 0.347192,
    "1016->1002": 0.410611,
    "1016->1003": 0.441986,
    "1016->1004": 0.419045,
    "1016->1005": 0.444252,
    "1016->1006": 0.447489,
    "1016->1007": 0.455098,
    "1016->1008": 0.410752,
    "1016->1009": 0.463494,
    "1016->1010": 0.367662,
    "1016->1011": 0.468895,
    "1016->1012": 0.447494,
    "1016->1013": 0.427406,
    "1016->1014": 0.497288,
    "1016->1015": 0.496974
}