{
    "1001->1002": 0.409792,
    "1001->1003": 0.5464,
    "1001->1004": 0.461731,
    "1001->1005": 0.444018,
    "1001->1006": 0.318895,
    "1001->1007": 0.368862,
    "1001->1008": 0.493452,
    "1001->1009": 0.58987,
    "1001->1010": 0.533296,
    "1001->1011": 0.460552,
    "1001->1012": 0.395575,
    "1001->1013": 0.482143,
    "1001->1014": 0.36264,
    "1001->1015": 0.580821,
    "1001->1016": 0.448115,
    "1002->1001": 0.555001,
    "1002->1003": 0.473415,
    "1002->1004": 0.443082,
    "1002->1005": 0.531761,
    "1002->1006": 0.529694,
    "1002->1007": 0.454441,
    "1002->1008": 0.452341,
    "1002->1009": 0.500312,
    "1002->1010": 0.445721,
    "1002->1011": 0.60009,
    "1002->1012": 0.553615,
    "1002->1013": 0.395854,
    "1002->1014": 0.549596,
    "1002->1015": 0.4776,
    "1002->1016": 0.534905,
    "1003->1001": 0.603626,
    "1003->1002": 0.532538,
    "1003->1004": 0.518984,
    "1003->1005": 0.557078,
    "1003->1006": 0.380675,
    "1003->1007": 0.399641,
    "1003->1008": 0.391715,
    "1003->1009": 0.495081,
    "1003->1010": 0.493933,
    "1003->1011": 0.491301,
    "1003->1012": 0.469736,
    "1003->1013": 0.432692,
    "1003->1014": 0.426686,
    "1003->1015": 0.589678,
    "1003->1016": 0.482407,
    "1004->1001": 0.526349,
    "1004->1002": 0.349482,
    "1004->1003": 0.517211,
    "1004->1005": 0.505108,
    "1004->1006": 0.550694,
    "1004->1007": 0.517303,
    "1004->1008": 0.543001,
    "1004->1009": 0.504444,
    "1004->1010": 0.544343,
    "1004->1011": 0.379942,
    "1004->1012": 0.349013,
    "1004->1013": 0.427616,
    "1004->1014": 0.536457,
    "1004->1015": 0.462772,
    "1004->1016": 0.379939,
    "1005->1001": 0.494822,
    "1005->1002": 0.488773,
    "1005->1003": 0.531293,
    "1005->1004": 0.506256,
    "1005->1006": 0.41461,
    "1005->1007": 0.454877,
    "1005->1008": 0.446739,
    "1005->1009": 0.519815,
    "1005->1010": 0.418134,
    "1005->1011": 0.538639,
    "1005->1012": 0.585099,
    "1005->1013": 0.543485,
    "1005->1014": 0.446967,
    "1005->1015": 0.538296,
    "1005->1016": 0.538671,
    "1006->1001": 0.455043,
    "1006->1002": 0.486871,
    "1006->1003": 0.456102,
    "1006->1004": 0.520836,
    "1006->1005": 0.458121,
    "1006->1007": 0.645842,
    "1006->1008": 0.604199,
    "1006->1009": 0.532358,
    "1006->1010": 0.477454,
    "1006->1011": 0.57876,
    "1006->1012": 0.487271,
    "1006->1013": 0.409297,
    "1006->1014": 0.702801,
    "1006->1015": 0.411305,
    "1006->1016": 0.410031,
    "1007->1001": 0.408449,
    "1007->1002": 0.508768,
    "1007->1003": 0.420046,
    "1007->1004": 0.518777,
    "1007->1005": 0.557276,
    "1007->1006": 0.639386,
    "1007->1008": 0.487437,
    "1007->1009": 0.451707,
    "1007->1010": 0.571269,
    "1007->1011": 0.549171,
    "1007->1012": 0.529152,
    "1007->1013": 0.386551,
    "1007->1014": 0.592292,
    "1007->1015": 0.425841,
    "1007->1016": 0.390794,
    "1008->1001": 0.509575,
    "1008->1002": 0.449372,
    "1008->1003": 0.487084,
    "1008->1004": 0.570835,
    "1008->1005": 0.45905,
    "1008->1006": 0.642108,
    "1008->1007": 0.562253,
    "1008->1009": 0.507557,
    "1008->1010": 0.520941,
    "1008->1011": 0.349562,
    "1008->1012": 0.438773,
    "1008->1013": 0.487859,
    "1008->1014": 0.639892,
    "1008->1015": 0.466899,
    "1008->1016": 0.370539,
    "1009->1001": 0.575364,
    "1009->1002": 0.486401,
    "1009->1003": 0.654492,
    "1009->1004": 0.408246,
    "1009->1005": 0.470961,
    "1009->1006": 0.479503,
    "1009->1007": 0.326374,
    "1009->1008": 0.521138,
    "1009->1010": 0.503315,
    "1009->1011": 0.528703,
    "1009->1012": 0.492831,
    "1009->1013": 0.508729,
    "1009->1014": 0.475007,
    "1009->1015": 0.590447,
    "1009->1016": 0.490125,
    "1010->1001": 0.509335,
    "1010->1002": 0.470312,
    "1010->1003": 0.582105,
    "1010->1004": 0.420528,
    "1010->1005": 0.474436,
    "1010->1006": 0.467643,
    "1010->1007": 0.414658,
    "1010->1008": 0.453251,
    "1010->1009": 0.570576,
    "1010->1011": 0.415281,
    "1010->1012": 0.468223,
    "1010->1013": 0.412704,
    "1010->1014": 0.435251,
    "1010->1015": 0.611668,
    "1010->1016": 0.458655,
    "1011->1001": 0.470411,
    "1011->1002": 0.641138,
    "1011->1003": 0.395442,
    "1011->1004": 0.427261,
    "1011->1005": 0.569481,
    "1011->1006": 0.531014,
    "1011->1007": 0.519454,
    "1011->1008": 0.457609,
    "1011->1009": 0.518662,
    "1011->1010": 0.426929,
    "1011->1012": 0.566465,
    "1011->1013": 0.448186,
    "1011->1014": 0.562371,
    "1011->1015": 0.479907,
    "1011->1016": 0.562532,
    "1012->1001": 0.390124,
    "1012->1002": 0.570641,
    "1012->1003": 0.457469,
    "1012->1004": 0.404957,
    "1012->1005": 0.560947,
    "1012->1006": 0.475145,
    "1012->1007": 0.486806,
    "1012->1008": 0.442908,
    "1012->1009": 0.46245,
    "1012->1010": 0.561892,
    "1012->1011": 0.588221,
    "1012->1013": 0.538617,
    "1012->1014": 0.528209,
    "1012->1015": 0.450243,
    "1012->1016": 0.622413,
    "1013->1001": 0.447834,
    "1013->1002": 0.390884,
    "1013->1003": 0.474978,
    "1013->1004": 0.347296,
    "1013->1005": 0.480348,
    "1013->1006": 0.37438,
    "1013->1007": 0.330219,
    "1013->1008": 0.392272,
    "1013->1009": 0.474403,
    "1013->1010": 0.643449,
    "1013->1011": 0.436901,
    "1013->1012": 0.560136,
    "1013->1014": 0.322449,
    "1013->1015": 0.64535,
    "1013->1016": 0.487043,
    "1014->1001": 0.440979,
    "1014->1002": 0.451948,
    "1014->1003": 0.470713,
    "1014->1004": 0.541703,
    "1014->1005": 0.403798,
    "1014->1006": 0.630448,
    "1014->1007": 0.616082,
    "1014->1008": 0.612846,
    "1014->1009": 0.471108,
    "1014->1010": 0.453042,
    "1014->1011": 0.676926,
    "1014->1012": 0.508045,
    "1014->1013": 0.457851,
    "1014->1015": 0.551595,
    "1014->1016": 0.561725,
    "1015->1001": 0.508089,
    "1015->1002": 0.403441,
    "1015->1003": 0.563694,
    "1015->1004": 0.382011,
    "1015->1005": 0.555538,
    "1015->1006": 0.362123,
    "1015->1007": 0.320481,
    "1015->1008": 0.397144,
    "1015->1009": 0.591288,
    "1015->1010": 0.512755,
    "1015->1011": 0.432072,
    "1015->1012": 0.459757,
    "1015->1013": 0.429332,
    "1015->1014": 0.562179,
    "1015->1016": 0.492366,
    "1016->1001": 0.324856,
    "1016->1002": 0.554114,
    "1016->1003": 0.482753,
    "1016->1004": 0.379516,
    "1016->1005": 0.52579,
    "1016->1006": 0.436192,
    "1016->1007": 0.484299,
    "1016->1008": 0.45354,
    "1016->1009": 0.547625,
    "1016->1010": 0.434711,
    "1016->1011": 0.600975,
    "1016->1012": 0.549347,
    "1016->1013": 0.582249,
    "1016->1014": 0.496097,
    "1016->1015": 0.547281
}