{
    "1001->1002": 0.428924,
    "1001->1003": 0.359818,
    "1001->1004": 0.592286,
    "1001->1005": 0.538361,
    "1001->1006": 0.345251,
    "1001->1007": 0.26968,
    "1001->1008": 0.47078,
    "1001->1009": 0.404232,
    "1001->1010": 0.470145,
    "1001->1011": 0.449171,
    "1001->1012": 0.48731,
    "1001->1013": 0.439308,
    "1001->1014": 0.363237,
    "1001->1015": 0.447359,
    "1001->1016": 0.346731,
    "1002->1001": 0.598177,
    "1002->1003": 0.377169,
    "1002->1004": 0.504278,
    "1002->1005": 0.497304,
    "1002->1006": 0.434985,
    "1002->1007": 0.382232,
    "1002->1008": 0.425953,
    "1002->1009": 0.316646,
    "1002->1010": 0.398308,
    "1002->1011": 0.55084,
    "1002->1012": 0.468821,
    "1002->1013": 0.412338,
    "1002->1014": 0.370615,
    "1002->1015": 0.408986,
    "1002->1016": 0.272151,
    "1003->1001": 0.280484,
    "1003->1002": 0.334749,
    "1003->1004": 0.305105,
    "1003->1005": 0.345182,
    "1003->1006": 0.422531,
    "1003->1007": 0.435163,
    "1003->1008": 0.443303,
    "1003->1009": 0.443866,
    "1003->1010": 0.320758,
    "1003->1011": 0.386843,
    "1003->1012": 0.573283,
    "1003->1013": 0.616745,
    "1003->1014": 0.507947,
    "1003->1015": 0.46463,
    "1003->1016": 0.384539,
    "1004->1001": 0.535954,
    "1004->1002": 0.452881,
    "1004->1003": 0.415599,
    "1004->1005": 0.578032,
    "1004->1006": 0.370979,
    "1004->1007": 0.237215,
    "1004->1008": 0.521436,
    "1004->1009": 0.364239,
    "1004->1010": 0.475522,
    "1004->1011": 0.448086,
    "1004->1012": 0.431306,
    "1004->1013": 0.417797,
    "1004->1014": 0.306305,
    "1004->1015": 0.430839,
    "1004->1016": 0.407097,
    "1005->1001": 0.523263,
    "1005->1002": 0.487103,
    "1005->1003": 0.393983,
    "1005->1004": 0.583932,
    "1005->1006": 0.326637,
    "1005->1007": 0.305835,
    "1005->1008": 0.530614,
    "1005->1009": 0.315787,
    "1005->1010": 0.507993,
    "1005->1011": 0.60811,
    "1005->1012": 0.367651,
    "1005->1013": 0.437773,
    "1005->1014": 0.40341,
    "1005->1015": 0.458887,
    "1005->1016": 0.336523,
    "1006->1001": 0.431773,
    "1006->1002": 0.496315,
    "1006->1003": 0.428149,
    "1006->1004": 0.465964,
    "1006->1005": 0.478054,
    "1006->1007": 0.562844,
    "1006->1008": 0.453798,
    "1006->1009": 0.481449,
    "1006->1010": 0.420716,
    "1006->1011": 0.515555,
    "1006->1012": 0.489746,
    "1006->1013": 0.533725,
    "1006->1014": 0.579734,
    "1006->1015": 0.345271,
    "1006->1016": 0.413117,
    "1007->1001": 0.460789,
    "1007->1002": 0.516217,
    "1007->1003": 0.418747,
    "1007->1004": 0.421723,
    "1007->1005": 0.454841,
    "1007->1006": 0.555733,
    "1007->1008": 0.385605,
    "1007->1009": 0.325628,
    "1007->1010": 0.339585,
    "1007->1011": 0.531541,
    "1007->1012": 0.371016,
    "1007->1013": 0.461465,
    "1007->1014": 0.443804,
    "1007->1015": 0.310757,
    "1007->1016": 0.39029,
    "1008->1001": 0.464176,
    "1008->1002": 0.498997,
    "1008->1003": 0.49056,
    "1008->1004": 0.519582,
    "1008->1005": 0.440345,
    "1008->1006": 0.34973,
    "1008->1007": 0.305248,
    "1008->1009": 0.445108,
    "1008->1010": 0.531624,
    "1008->1011": 0.276884,
    "1008->1012": 0.454886,
    "1008->1013": 0.527473,
    "1008->1014": 0.373517,
    "1008->1015": 0.520604,
    "1008->1016": 0.485673,
    "1009->1001": 0.335068,
    "1009->1002": 0.416865,
    "1009->1003": 0.348576,
    "1009->1004": 0.288748,
    "1009->1005": 0.386267,
    "1009->1006": 0.528076,
    "1009->1007": 0.428707,
    "1009->1008": 0.323937,
    "1009->1010": 0.380993,
    "1009->1011": 0.420682,
    "1009->1012": 0.510809,
    "1009->1013": 0.366003,
    "1009->1014": 0.490864,
    "1009->1015": 0.447639,
    "1009->1016": 0.556242,
    "1010->1001": 0.342252,
    "1010->1002": 0.346072,
    "1010->1003": 0.506383,
    "1010->1004": 0.455526,
    "1010->1005": 0.503397,
    "1010->1006": 0.354172,
    "1010->1007": 0.318594,
    "1010->1008": 0.550448,
    "1010->1009": 0.452091,
    "1010->1011": 0.35875,
    "1010->1012": 0.491907,
    "1010->1013": 0.487568,
    "1010->1014": 0.389378,
    "1010->1015": 0.546846,
    "1010->1016": 0.454697,
    "1011->1001": 0.510259,
    "1011->1002": 0.483144,
    "1011->1003": 0.394099,
    "1011->1004": 0.504851,
    "1011->1005": 0.529113,
    "1011->1006": 0.499308,
    "1011->1007": 0.533704,
    "1011->1008": 0.386858,
    "1011->1009": 0.362777,
    "1011->1010": 0.463612,
    "1011->1012": 0.463952,
    "1011->1013": 0.377504,
    "1011->1014": 0.383811,
    "1011->1015": 0.372734,
    "1011->1016": 0.311829,
    "1012->1001": 0.466731,
    "1012->1002": 0.398361,
    "1012->1003": 0.471972,
    "1012->1004": 0.381437,
    "1012->1005": 0.394672,
    "1012->1006": 0.485189,
    "1012->1007": 0.496032,
    "1012->1008": 0.534239,
    "1012->1009": 0.496862,
    "1012->1010": 0.469377,
    "1012->1011": 0.408292,
    "1012->1013": 0.459387,
    "1012->1014": 0.462913,
    "1012->1015": 0.491658,
    "1012->1016": 0.445974,
    "1013->1001": 0.364515,
    "1013->1002": 0.400185,
    "1013->1003": 0.560802,
    "1013->1004": 0.284319,
    "1013->1005": 0.309231,
    "1013->1006": 0.4023,
    "1013->1007": 0.491615,
    "1013->1008": 0.438088,
    "1013->1009": 0.37603,
    "1013->1010": 0.571342,
    "1013->1011": 0.416448,
    "1013->1012": 0.523106,
    "1013->1014": 0.488203,
    "1013->1015": 0.527155,
    "1013->1016": 0.499345,
    "1014->1001": 0.353762,
    "1014->1002": 0.413727,
    "1014->1003": 0.443536,
    "1014->1004": 0.380048,
    "1014->1005": 0.37244,
    "1014->1006": 0.518904,
    "1014->1007": 0.513506,
    "1014->1008": 0.372233,
    "1014->1009": 0.53403,
    "1014->1010": 0.354414,
    "1014->1011": 0.484604,
    "1014->1012": 0.306803,
    "1014->1013": 0.457323,
    "1014->1015": 0.299801,
    "1014->1016": 0.547237,
    "1015->1001": 0.298151,
    "1015->1002": 0.348364,
    "1015->1003": 0.530872,
    "1015->1004": 0.393132,
    "1015->1005": 0.373217,
    "1015->1006": 0.375661,
    "1015->1007": 0.36031,
    "1015->1008": 0.37352,
    "1015->1009": 0.484009,
    "1015->1010": 0.459105,
    "1015->1011": 0.399105,
    "1015->1012": 0.391467,
    "1015->1013": 0.503999,
    "1015->1014": 0.410298,
    "1015->1016": 0.500633,
    "1016->1001": 0.373201,
    "1016->1002": 0.424821,
    "1016->1003": 0.416777,
    "1016->1004": 0.382237,
    "1016->1005": 0.426278,
    "1016->1006": 0.464928,
    "1016->1007": 0.430318,
    "1016->1008": 0.272441,
    "1016->1009": 0.48743,
    "1016->1010": 0.353109,
    "1016->1011": 0.396668,
    "1016->1012": 0.439501,
    "1016->1013": 0.423383,
    "1016->1014": 0.515264,
    "1016->1015": 0.426478
}