{
    "1001->1002": 0.266022,
    "1001->1003": 0.401681,
    "1001->1004": 0.279853,
    "1001->1005": 0.316613,
    "1001->1006": 0.273327,
    "1001->1007": 0.502659,
    "1001->1008": 0.458134,
    "1001->1009": 0.433687,
    "1001->1010": 0.399978,
    "1001->1011": 0.453885,
    "1001->1012": 0.47631,
    "1001->1013": 0.283171,
    "1001->1014": 0.496624,
    "1001->1015": 0.411086,
    "1001->1016": 0.444812,
    "1002->1001": 0.416694,
    "1002->1003": 0.364806,
    "1002->1004": 0.501074,
    "1002->1005": 0.294355,
    "1002->1006": 0.252633,
    "1002->1007": 0.472943,
    "1002->1008": 0.328379,
    "1002->1009": 0.341485,
    "1002->1010": 0.477713,
    "1002->1011": 0.329307,
    "1002->1012": 0.471851,
    "1002->1013": 0.489426,
    "1002->1014": 0.360144,
    "1002->1015": 0.226388,
    "1002->1016": 0.298428,
    "1003->1001": 0.413421,
    "1003->1002": 0.36799,
    "1003->1004": 0.424347,
    "1003->1005": 0.454448,
    "1003->1006": 0.382969,
    "1003->1007": 0.294079,
    "1003->1008": 0.346718,
    "1003->1009": 0.350931,
    "1003->1010": 0.405512,
    "1003->1011": 0.418721,
    "1003->1012": 0.420332,
    "1003->1013": 0.488165,
    "1003->1014": 0.390145,
    "1003->1015": 0.374012,
    "1003->1016": 0.377214,
    "1004->1001": 0.450568,
    "1004->1002": 0.498365,
    "1004->1003": 0.361696,
    "1004->1005": 0.504335,
    "1004->1006": 0.208247,
    "1004->1007": 0.389558,
    "1004->1008": 0.326591,
    "1004->1009": 0.258718,
    "1004->1010": 0.440043,
    "1004->1011": 0.321272,
    "1004->1012": 0.413411,
    "1004->1013": 0.492129,
    "1004->1014": 0.340147,
    "1004->1015": 0.212779,
    "1004->1016": 0.304214,
    "1005->1001": 0.296445,
    "1005->1002": 0.458393,
    "1005->1003": 0.455582,
    "1005->1004": 0.472314,
    "1005->1006": 0.3758,
    "1005->1007": 0.335757,
    "1005->1008": 0.235983,
    "1005->1009": 0.29749,
    "1005->1010": 0.38555,
    "1005->1011": 0.355799,
    "1005->1012": 0.362989,
    "1005->1013": 0.463919,
    "1005->1014": 0.26061,
    "1005->1015": 0.291747,
    "1005->1016": 0.367598,
    "1006->1001": 0.310807,
    "1006->1002": 0.404842,
    "1006->1003": 0.427206,
    "1006->1004": 0.451884,
    "1006->1005": 0.501626,
    "1006->1007": 0.347415,
    "1006->1008": 0.213932,
    "1006->1009": 0.304294,
    "1006->1010": 0.368266,
    "1006->1011": 0.429714,
    "1006->1012": 0.302953,
    "1006->1013": 0.377883,
    "1006->1014": 0.350003,
    "1006->1015": 0.454669,
    "1006->1016": 0.404713,
    "1007->1001": 0.534104,
    "1007->1002": 0.420481,
    "1007->1003": 0.358552,
    "1007->1004": 0.307768,
    "1007->1005": 0.286151,
    "1007->1006": 0.297677,
    "1007->1008": 0.428886,
    "1007->1009": 0.380832,
    "1007->1010": 0.562922,
    "1007->1011": 0.406801,
    "1007->1012": 0.457162,
    "1007->1013": 0.258761,
    "1007->1014": 0.463074,
    "1007->1015": 0.335523,
    "1007->1016": 0.414264,
    "1008->1001": 0.428831,
    "1008->1002": 0.229812,
    "1008->1003": 0.359169,
    "1008->1004": 0.290352,
    "1008->1005": 0.330584,
    "1008->1006": 0.361235,
    "1008->1007": 0.42369,
    "1008->1009": 0.481219,
    "1008->1010": 0.308376,
    "1008->1011": 0.385647,
    "1008->1012": 0.329653,
    "1008->1013": 0.348956,
    "1008->1014": 0.435689,
    "1008->1015": 0.461423,
    "1008->1016": 0.484746,
    "1009->1001": 0.333233,
    "1009->1002": 0.316913,
    "1009->1003": 0.336877,
    "1009->1004": 0.309404,
    "1009->1005": 0.377023,
    "1009->1006": 0.41111,
    "1009->1007": 0.406009,
    "1009->1008": 0.549725,
    "1009->1010": 0.244384,
    "1009->1011": 0.439221,
    "1009->1012": 0.283687,
    "1009->1013": 0.434664,
    "1009->1014": 0.479984,
    "1009->1015": 0.473991,
    "1009->1016": 0.518426,
    "1010->1001": 0.482692,
    "1010->1002": 0.460553,
    "1010->1003": 0.325336,
    "1010->1004": 0.304685,
    "1010->1005": 0.231108,
    "1010->1006": 0.258432,
    "1010->1007": 0.539318,
    "1010->1008": 0.405629,
    "1010->1009": 0.345749,
    "1010->1011": 0.32895,
    "1010->1012": 0.480639,
    "1010->1013": 0.380611,
    "1010->1014": 0.435859,
    "1010->1015": 0.324934,
    "1010->1016": 0.370525,
    "1011->1001": 0.344724,
    "1011->1002": 0.352983,
    "1011->1003": 0.491057,
    "1011->1004": 0.315918,
    "1011->1005": 0.411704,
    "1011->1006": 0.388127,
    "1011->1007": 0.34404,
    "1011->1008": 0.387969,
    "1011->1009": 0.293823,
    "1011->1010": 0.316135,
    "1011->1012": 0.353198,
    "1011->1013": 0.424356,
    "1011->1014": 0.317352,
    "1011->1015": 0.489837,
    "1011->1016": 0.584026,
    "1012->1001": 0.505387,
    "1012->1002": 0.281987,
    "1012->1003": 0.358849,
    "1012->1004": 0.218765,
    "1012->1005": 0.234364,
    "1012->1006": 0.238701,
    "1012->1007": 0.436952,
    "1012->1008": 0.434678,
    "1012->1009": 0.33268,
    "1012->1010": 0.485265,
    "1012->1011": 0.344058,
    "1012->1013": 0.300412,
    "1012->1014": 0.44316,
    "1012->1015": 0.313424,
    "1012->1016": 0.36505,
    "1013->1001": 0.359184,
    "1013->1002": 0.491487,
    "1013->1003": 0.351646,
    "1013->1004": 0.504344,
    "1013->1005": 0.421505,
    "1013->1006": 0.36456,
    "1013->1007": 0.38228,
    "1013->1008": 0.340098,
    "1013->1009": 0.356188,
    "1013->1010": 0.40539,
    "1013->1011": 0.362287,
    "1013->1012": 0.407824,
    "1013->1014": 0.281883,
    "1013->1015": 0.423946,
    "1013->1016": 0.326905,
    "1014->1001": 0.482444,
    "1014->1002": 0.280691,
    "1014->1003": 0.465754,
    "1014->1004": 0.293647,
    "1014->1005": 0.362051,
    "1014->1006": 0.360403,
    "1014->1007": 0.383982,
    "1014->1008": 0.420783,
    "1014->1009": 0.457489,
    "1014->1010": 0.407737,
    "1014->1011": 0.51737,
    "1014->1012": 0.3224,
    "1014->1013": 0.351296,
    "1014->1015": 0.429567,
    "1014->1016": 0.505807,
    "1015->1001": 0.266483,
    "1015->1002": 0.374094,
    "1015->1003": 0.390204,
    "1015->1004": 0.38419,
    "1015->1005": 0.43341,
    "1015->1006": 0.465217,
    "1015->1007": 0.326551,
    "1015->1008": 0.250809,
    "1015->1009": 0.392487,
    "1015->1010": 0.310858,
    "1015->1011": 0.522459,
    "1015->1012": 0.283982,
    "1015->1013": 0.443224,
    "1015->1014": 0.410442,
    "1015->1016": 0.447463,
    "1016->1001": 0.343183,
    "1016->1002": 0.331184,
    "1016->1003": 0.50353,
    "1016->1004": 0.355708,
    "1016->1005": 0.356581,
    "1016->1006": 0.405567,
    "1016->1007": 0.325283,
    "1016->1008": 0.381974,
    "1016->1009": 0.378485,
    "1016->1010": 0.264112,
    "1016->1011": 0.504788,
    "1016->1012": 0.294854,
    "1016->1013": 0.408582,
    "1016->1014": 0.527877,
    "1016->1015": 0.515875
}