{
    "1001->1002": 0.142157,
    "1001->1003": 0.228145,
    "1001->1004": 0.28329,
    "1001->1005": 0.325062,
    "1001->1006": 0.380963,
    "1001->1007": 0.474025,
    "1001->1008": 0.495623,
    "1001->1009": 0.411749,
    "1001->1010": 0.39613,
    "1001->1011": 0.232129,
    "1001->1012": 0.24573,
    "1001->1013": 0.285232,
    "1001->1014": 0.456799,
    "1001->1015": 0.440226,
    "1001->1016": 0.454783,
    "1002->1001": 0.409363,
    "1002->1003": 0.304477,
    "1002->1004": 0.180888,
    "1002->1005": 0.229991,
    "1002->1006": 0.287447,
    "1002->1007": 0.372323,
    "1002->1008": 0.421853,
    "1002->1009": 0.450621,
    "1002->1010": 0.508742,
    "1002->1011": 0.462678,
    "1002->1012": 0.343842,
    "1002->1013": 0.238349,
    "1002->1014": 0.345384,
    "1002->1015": 0.355551,
    "1002->1016": 0.382141,
    "1003->1001": 0.351531,
    "1003->1002": 0.466585,
    "1003->1004": 0.307546,
    "1003->1005": 0.220187,
    "1003->1006": 0.211589,
    "1003->1007": 0.312699,
    "1003->1008": 0.33157,
    "1003->1009": 0.395874,
    "1003->1010": 0.427664,
    "1003->1011": 0.522614,
    "1003->1012": 0.459781,
    "1003->1013": 0.39849,
    "1003->1014": 0.275182,
    "1003->1015": 0.281996,
    "1003->1016": 0.299809,
    "1004->1001": 0.303986,
    "1004->1002": 0.402474,
    "1004->1003": 0.472702,
    "1004->1005": 0.291435,
    "1004->1006": 0.202487,
    "1004->1007": 0.249749,
    "1004->1008": 0.275296,
    "1004->1009": 0.3268,
    "1004->1010": 0.379005,
    "1004->1011": 0.446935,
    "1004->1012": 0.446084,
    "1004->1013": 0.516911,
    "1004->1014": 0.23768,
    "1004->1015": 0.267859,
    "1004->1016": 0.244085,
    "1005->1001": 0.239195,
    "1005->1002": 0.347592,
    "1005->1003": 0.415503,
    "1005->1004": 0.476668,
    "1005->1006": 0.378817,
    "1005->1007": 0.194062,
    "1005->1008": 0.240684,
    "1005->1009": 0.28773,
    "1005->1010": 0.316216,
    "1005->1011": 0.446638,
    "1005->1012": 0.38796,
    "1005->1013": 0.460216,
    "1005->1014": 0.320402,
    "1005->1015": 0.413525,
    "1005->1016": 0.288275,
    "1006->1001": 0.181267,
    "1006->1002": 0.293383,
    "1006->1003": 0.366604,
    "1006->1004": 0.410188,
    "1006->1005": 0.469258,
    "1006->1007": 0.330048,
    "1006->1008": 0.226054,
    "1006->1009": 0.260668,
    "1006->1010": 0.270277,
    "1006->1011": 0.347862,
    "1006->1012": 0.342983,
    "1006->1013": 0.410982,
    "1006->1014": 0.511812,
    "1006->1015": 0.497309,
    "1006->1016": 0.359099,
    "1007->1001": 0.427985,
    "1007->1002": 0.203189,
    "1007->1003": 0.288668,
    "1007->1004": 0.345705,
    "1007->1005": 0.398692,
    "1007->1006": 0.449776,
    "1007->1008": 0.528925,
    "1007->1009": 0.319196,
    "1007->1010": 0.275137,
    "1007->1011": 0.284874,
    "1007->1012": 0.264154,
    "1007->1013": 0.343523,
    "1007->1014": 0.471842,
    "1007->1015": 0.461308,
    "1007->1016": 0.488563,
    "1008->1001": 0.450232,
    "1008->1002": 0.285045,
    "1008->1003": 0.254944,
    "1008->1004": 0.299896,
    "1008->1005": 0.363769,
    "1008->1006": 0.412361,
    "1008->1007": 0.502105,
    "1008->1009": 0.474282,
    "1008->1010": 0.350349,
    "1008->1011": 0.232128,
    "1008->1012": 0.259763,
    "1008->1013": 0.307821,
    "1008->1014": 0.432086,
    "1008->1015": 0.422382,
    "1008->1016": 0.440393,
    "1009->1001": 0.388458,
    "1009->1002": 0.355732,
    "1009->1003": 0.236014,
    "1009->1004": 0.249841,
    "1009->1005": 0.300529,
    "1009->1006": 0.369814,
    "1009->1007": 0.450305,
    "1009->1008": 0.474823,
    "1009->1010": 0.423906,
    "1009->1011": 0.380982,
    "1009->1012": 0.207453,
    "1009->1013": 0.239549,
    "1009->1014": 0.374015,
    "1009->1015": 0.369955,
    "1009->1016": 0.387768,
    "1010->1001": 0.444121,
    "1010->1002": 0.422212,
    "1010->1003": 0.255454,
    "1010->1004": 0.219277,
    "1010->1005": 0.270096,
    "1010->1006": 0.31969,
    "1010->1007": 0.418892,
    "1010->1008": 0.447251,
    "1010->1009": 0.436043,
    "1010->1011": 0.477604,
    "1010->1012": 0.338317,
    "1010->1013": 0.260328,
    "1010->1014": 0.353143,
    "1010->1015": 0.334773,
    "1010->1016": 0.3403,
    "1011->1001": 0.360517,
    "1011->1002": 0.482834,
    "1011->1003": 0.520801,
    "1011->1004": 0.318039,
    "1011->1005": 0.251752,
    "1011->1006": 0.31312,
    "1011->1007": 0.326217,
    "1011->1008": 0.339093,
    "1011->1009": 0.434186,
    "1011->1010": 0.471408,
    "1011->1012": 0.34919,
    "1011->1013": 0.286571,
    "1011->1014": 0.29517,
    "1011->1015": 0.273037,
    "1011->1016": 0.339773,
    "1012->1001": 0.35798,
    "1012->1002": 0.477301,
    "1012->1003": 0.461364,
    "1012->1004": 0.275434,
    "1012->1005": 0.199703,
    "1012->1006": 0.250249,
    "1012->1007": 0.333132,
    "1012->1008": 0.358057,
    "1012->1009": 0.432137,
    "1012->1010": 0.479694,
    "1012->1011": 0.540044,
    "1012->1013": 0.1774,
    "1012->1014": 0.291627,
    "1012->1015": 0.255662,
    "1012->1016": 0.276542,
    "1013->1001": 0.30315,
    "1013->1002": 0.398395,
    "1013->1003": 0.503905,
    "1013->1004": 0.477002,
    "1013->1005": 0.488518,
    "1013->1006": 0.238988,
    "1013->1007": 0.251487,
    "1013->1008": 0.31102,
    "1013->1009": 0.330955,
    "1013->1010": 0.366857,
    "1013->1011": 0.433162,
    "1013->1012": 0.423176,
    "1013->1014": 0.324207,
    "1013->1015": 0.214036,
    "1013->1016": 0.193454,
    "1014->1001": 0.247031,
    "1014->1002": 0.275732,
    "1014->1003": 0.350264,
    "1014->1004": 0.400681,
    "1014->1005": 0.449885,
    "1014->1006": 0.499475,
    "1014->1007": 0.366872,
    "1014->1008": 0.246376,
    "1014->1009": 0.248236,
    "1014->1010": 0.247997,
    "1014->1011": 0.355086,
    "1014->1012": 0.296873,
    "1014->1013": 0.390181,
    "1014->1015": 0.47968,
    "1014->1016": 0.466615,
    "1015->1001": 0.205241,
    "1015->1002": 0.280356,
    "1015->1003": 0.364503,
    "1015->1004": 0.401591,
    "1015->1005": 0.456804,
    "1015->1006": 0.501825,
    "1015->1007": 0.325416,
    "1015->1008": 0.25934,
    "1015->1009": 0.261807,
    "1015->1010": 0.250241,
    "1015->1011": 0.360229,
    "1015->1012": 0.298767,
    "1015->1013": 0.398155,
    "1015->1014": 0.493639,
    "1015->1016": 0.394656,
    "1016->1001": 0.181385,
    "1016->1002": 0.284903,
    "1016->1003": 0.368707,
    "1016->1004": 0.377615,
    "1016->1005": 0.42874,
    "1016->1006": 0.440163,
    "1016->1007": 0.437386,
    "1016->1008": 0.291479,
    "1016->1009": 0.272492,
    "1016->1010": 0.222479,
    "1016->1011": 0.340649,
    "1016->1012": 0.277167,
    "1016->1013": 0.376012,
    "1016->1014": 0.4635,
    "1016->1015": 0.446393
}