{
    "1001->1002": 0.309069,
    "1001->1003": 0.41905,
    "1001->1004": 0.486681,
    "1001->1005": 0.397213,
    "1001->1006": 0.385107,
    "1001->1007": 0.547956,
    "1001->1008": 0.381224,
    "1001->1009": 0.354304,
    "1001->1010": 0.497903,
    "1001->1011": 0.46936,
    "1001->1012": 0.446478,
    "1001->1013": 0.324486,
    "1001->1014": 0.387567,
    "1001->1015": 0.286947,
    "1001->1016": 0.49462,
    "1002->1001": 0.397159,
    "1002->1003": 0.309007,
    "1002->1004": 0.499879,
    "1002->1005": 0.479794,
    "1002->1006": 0.517519,
    "1002->1007": 0.470808,
    "1002->1008": 0.356198,
    "1002->1009": 0.539497,
    "1002->1010": 0.36708,
    "1002->1011": 0.356933,
    "1002->1012": 0.427893,
    "1002->1013": 0.515418,
    "1002->1014": 0.374635,
    "1002->1015": 0.535554,
    "1002->1016": 0.343833,
    "1003->1001": 0.251396,
    "1003->1002": 0.476835,
    "1003->1004": 0.314399,
    "1003->1005": 0.340543,
    "1003->1006": 0.332584,
    "1003->1007": 0.314177,
    "1003->1008": 0.526811,
    "1003->1009": 0.493401,
    "1003->1010": 0.27093,
    "1003->1011": 0.625234,
    "1003->1012": 0.464425,
    "1003->1013": 0.403404,
    "1003->1014": 0.493904,
    "1003->1015": 0.441793,
    "1003->1016": 0.487295,
    "1004->1001": 0.440442,
    "1004->1002": 0.420401,
    "1004->1003": 0.357162,
    "1004->1005": 0.46155,
    "1004->1006": 0.423869,
    "1004->1007": 0.558978,
    "1004->1008": 0.300062,
    "1004->1009": 0.363285,
    "1004->1010": 0.433497,
    "1004->1011": 0.384015,
    "1004->1012": 0.439252,
    "1004->1013": 0.393956,
    "1004->1014": 0.43559,
    "1004->1015": 0.322068,
    "1004->1016": 0.401039,
    "1005->1001": 0.447905,
    "1005->1002": 0.507126,
    "1005->1003": 0.314826,
    "1005->1004": 0.528117,
    "1005->1006": 0.566121,
    "1005->1007": 0.548376,
    "1005->1008": 0.350608,
    "1005->1009": 0.349016,
    "1005->1010": 0.464167,
    "1005->1011": 0.382242,
    "1005->1012": 0.390877,
    "1005->1013": 0.501344,
    "1005->1014": 0.324084,
    "1005->1015": 0.362502,
    "1005->1016": 0.413296,
    "1006->1001": 0.473309,
    "1006->1002": 0.512199,
    "1006->1003": 0.291839,
    "1006->1004": 0.494686,
    "1006->1005": 0.575065,
    "1006->1007": 0.519997,
    "1006->1008": 0.283941,
    "1006->1009": 0.399295,
    "1006->1010": 0.457855,
    "1006->1011": 0.334813,
    "1006->1012": 0.388074,
    "1006->1013": 0.598684,
    "1006->1014": 0.34323,
    "1006->1015": 0.267536,
    "1006->1016": 0.392408,
    "1007->1001": 0.501187,
    "1007->1002": 0.313107,
    "1007->1003": 0.366488,
    "1007->1004": 0.450782,
    "1007->1005": 0.390101,
    "1007->1006": 0.46451,
    "1007->1008": 0.326632,
    "1007->1009": 0.292907,
    "1007->1010": 0.476574,
    "1007->1011": 0.410875,
    "1007->1012": 0.430825,
    "1007->1013": 0.408344,
    "1007->1014": 0.353755,
    "1007->1015": 0.419404,
    "1007->1016": 0.407525,
    "1008->1001": 0.280176,
    "1008->1002": 0.434847,
    "1008->1003": 0.499481,
    "1008->1004": 0.383157,
    "1008->1005": 0.380218,
    "1008->1006": 0.380885,
    "1008->1007": 0.332092,
    "1008->1009": 0.539259,
    "1008->1010": 0.281188,
    "1008->1011": 0.369326,
    "1008->1012": 0.394607,
    "1008->1013": 0.441587,
    "1008->1014": 0.454486,
    "1008->1015": 0.459538,
    "1008->1016": 0.569675,
    "1009->1001": 0.335879,
    "1009->1002": 0.531187,
    "1009->1003": 0.327746,
    "1009->1004": 0.450197,
    "1009->1005": 0.440404,
    "1009->1006": 0.420809,
    "1009->1007": 0.410433,
    "1009->1008": 0.473416,
    "1009->1010": 0.389645,
    "1009->1011": 0.451938,
    "1009->1012": 0.344458,
    "1009->1013": 0.49694,
    "1009->1014": 0.412998,
    "1009->1015": 0.546187,
    "1009->1016": 0.33102,
    "1010->1001": 0.61547,
    "1010->1002": 0.248138,
    "1010->1003": 0.411387,
    "1010->1004": 0.499784,
    "1010->1005": 0.439564,
    "1010->1006": 0.342334,
    "1010->1007": 0.553797,
    "1010->1008": 0.388285,
    "1010->1009": 0.368871,
    "1010->1011": 0.46732,
    "1010->1012": 0.506987,
    "1010->1013": 0.30854,
    "1010->1014": 0.369518,
    "1010->1015": 0.298314,
    "1010->1016": 0.502221,
    "1011->1001": 0.350197,
    "1011->1002": 0.377791,
    "1011->1003": 0.517284,
    "1011->1004": 0.393563,
    "1011->1005": 0.285417,
    "1011->1006": 0.312874,
    "1011->1007": 0.319374,
    "1011->1008": 0.552444,
    "1011->1009": 0.469167,
    "1011->1010": 0.429895,
    "1011->1012": 0.55602,
    "1011->1013": 0.360756,
    "1011->1014": 0.474299,
    "1011->1015": 0.388855,
    "1011->1016": 0.586451,
    "1012->1001": 0.401387,
    "1012->1002": 0.347506,
    "1012->1003": 0.47991,
    "1012->1004": 0.381083,
    "1012->1005": 0.252648,
    "1012->1006": 0.406393,
    "1012->1007": 0.239308,
    "1012->1008": 0.421612,
    "1012->1009": 0.465382,
    "1012->1010": 0.510254,
    "1012->1011": 0.512339,
    "1012->1013": 0.308212,
    "1012->1014": 0.445668,
    "1012->1015": 0.35359,
    "1012->1016": 0.516572,
    "1013->1001": 0.438134,
    "1013->1002": 0.513059,
    "1013->1003": 0.286126,
    "1013->1004": 0.454803,
    "1013->1005": 0.497286,
    "1013->1006": 0.483291,
    "1013->1007": 0.440057,
    "1013->1008": 0.323711,
    "1013->1009": 0.462167,
    "1013->1010": 0.38848,
    "1013->1011": 0.352868,
    "1013->1012": 0.36036,
    "1013->1014": 0.29646,
    "1013->1015": 0.538569,
    "1013->1016": 0.288222,
    "1014->1001": 0.242374,
    "1014->1002": 0.435193,
    "1014->1003": 0.492943,
    "1014->1004": 0.315989,
    "1014->1005": 0.338382,
    "1014->1006": 0.357418,
    "1014->1007": 0.388363,
    "1014->1008": 0.477619,
    "1014->1009": 0.54334,
    "1014->1010": 0.244208,
    "1014->1011": 0.338473,
    "1014->1012": 0.371896,
    "1014->1013": 0.436183,
    "1014->1015": 0.484217,
    "1014->1016": 0.452895,
    "1015->1001": 0.389756,
    "1015->1002": 0.551132,
    "1015->1003": 0.306628,
    "1015->1004": 0.478947,
    "1015->1005": 0.473846,
    "1015->1006": 0.456479,
    "1015->1007": 0.437325,
    "1015->1008": 0.413874,
    "1015->1009": 0.566767,
    "1015->1010": 0.363195,
    "1015->1011": 0.31723,
    "1015->1012": 0.333646,
    "1015->1013": 0.521371,
    "1015->1014": 0.304321,
    "1015->1016": 0.428129,
    "1016->1001": 0.444216,
    "1016->1002": 0.388056,
    "1016->1003": 0.5096,
    "1016->1004": 0.377741,
    "1016->1005": 0.26821,
    "1016->1006": 0.324093,
    "1016->1007": 0.357727,
    "1016->1008": 0.510222,
    "1016->1009": 0.444409,
    "1016->1010": 0.480666,
    "1016->1011": 0.525084,
    "1016->1012": 0.588351,
    "1016->1013": 0.343019,
    "1016->1014": 0.458064,
    "1016->1015": 0.389545
}