{
    "1001->1002": 0.541746,
    "1001->1003": 0.459472,
    "1001->1004": 0.556967,
    "1001->1005": 0.317224,
    "1001->1006": 0.454107,
    "1001->1007": 0.387061,
    "1001->1008": 0.455356,
    "1001->1009": 0.402472,
    "1001->1010": 0.454681,
    "1001->1011": 0.609907,
    "1001->1012": 0.564974,
    "1001->1013": 0.535327,
    "1001->1014": 0.362335,
    "1001->1015": 0.416157,
    "1001->1016": 0.341889,
    "1002->1001": 0.495308,
    "1002->1003": 0.427827,
    "1002->1004": 0.538302,
    "1002->1005": 0.455814,
    "1002->1006": 0.428995,
    "1002->1007": 0.426776,
    "1002->1008": 0.526547,
    "1002->1009": 0.470195,
    "1002->1010": 0.499702,
    "1002->1011": 0.629901,
    "1002->1012": 0.49299,
    "1002->1013": 0.309025,
    "1002->1014": 0.404963,
    "1002->1015": 0.468696,
    "1002->1016": 0.401203,
    "1003->1001": 0.439058,
    "1003->1002": 0.398724,
    "1003->1004": 0.358016,
    "1003->1005": 0.496431,
    "1003->1006": 0.5688,
    "1003->1007": 0.421779,
    "1003->1008": 0.376506,
    "1003->1009": 0.375468,
    "1003->1010": 0.432877,
    "1003->1011": 0.443096,
    "1003->1012": 0.471175,
    "1003->1013": 0.446723,
    "1003->1014": 0.501471,
    "1003->1015": 0.439036,
    "1003->1016": 0.472326,
    "1004->1001": 0.469239,
    "1004->1002": 0.49826,
    "1004->1003": 0.419304,
    "1004->1005": 0.49647,
    "1004->1006": 0.455614,
    "1004->1007": 0.388154,
    "1004->1008": 0.355711,
    "1004->1009": 0.485599,
    "1004->1010": 0.552432,
    "1004->1011": 0.532705,
    "1004->1012": 0.497492,
    "1004->1013": 0.364246,
    "1004->1014": 0.424027,
    "1004->1015": 0.549821,
    "1004->1016": 0.489508,
    "1005->1001": 0.447144,
    "1005->1002": 0.367301,
    "1005->1003": 0.489077,
    "1005->1004": 0.470585,
    "1005->1006": 0.425306,
    "1005->1007": 0.322042,
    "1005->1008": 0.427322,
    "1005->1009": 0.434214,
    "1005->1010": 0.450189,
    "1005->1011": 0.428562,
    "1005->1012": 0.429893,
    "1005->1013": 0.521734,
    "1005->1014": 0.497299,
    "1005->1015": 0.443934,
    "1005->1016": 0.442006,
    "1006->1001": 0.462711,
    "1006->1002": 0.354924,
    "1006->1003": 0.513033,
    "1006->1004": 0.51276,
    "1006->1005": 0.523988,
    "1006->1007": 0.555914,
    "1006->1008": 0.333704,
    "1006->1009": 0.310174,
    "1006->1010": 0.352557,
    "1006->1011": 0.495513,
    "1006->1012": 0.425886,
    "1006->1013": 0.566127,
    "1006->1014": 0.56462,
    "1006->1015": 0.419591,
    "1006->1016": 0.562611,
    "1007->1001": 0.412537,
    "1007->1002": 0.358264,
    "1007->1003": 0.481653,
    "1007->1004": 0.447391,
    "1007->1005": 0.528247,
    "1007->1006": 0.556755,
    "1007->1008": 0.403247,
    "1007->1009": 0.410013,
    "1007->1010": 0.430915,
    "1007->1011": 0.403157,
    "1007->1012": 0.586798,
    "1007->1013": 0.499419,
    "1007->1014": 0.475887,
    "1007->1015": 0.460637,
    "1007->1016": 0.630391,
    "1008->1001": 0.286736,
    "1008->1002": 0.505335,
    "1008->1003": 0.431276,
    "1008->1004": 0.561272,
    "1008->1005": 0.40072,
    "1008->1006": 0.370235,
    "1008->1007": 0.429486,
    "1008->1009": 0.568512,
    "1008->1010": 0.55026,
    "1008->1011": 0.440408,
    "1008->1012": 0.504438,
    "1008->1013": 0.450734,
    "1008->1014": 0.464471,
    "1008->1015": 0.598834,
    "1008->1016": 0.469946,
    "1009->1001": 0.348131,
    "1009->1002": 0.383958,
    "1009->1003": 0.45416,
    "1009->1004": 0.46123,
    "1009->1005": 0.465227,
    "1009->1006": 0.418635,
    "1009->1007": 0.49384,
    "1009->1008": 0.448665,
    "1009->1010": 0.574353,
    "1009->1011": 0.390179,
    "1009->1012": 0.350012,
    "1009->1013": 0.424326,
    "1009->1014": 0.494888,
    "1009->1015": 0.594895,
    "1009->1016": 0.540293,
    "1010->1001": 0.35388,
    "1010->1002": 0.53574,
    "1010->1003": 0.406686,
    "1010->1004": 0.523741,
    "1010->1005": 0.432667,
    "1010->1006": 0.39254,
    "1010->1007": 0.452301,
    "1010->1008": 0.582663,
    "1010->1009": 0.551576,
    "1010->1011": 0.526392,
    "1010->1012": 0.401698,
    "1010->1013": 0.37333,
    "1010->1014": 0.453709,
    "1010->1015": 0.51479,
    "1010->1016": 0.479042,
    "1011->1001": 0.598973,
    "1011->1002": 0.55608,
    "1011->1003": 0.401709,
    "1011->1004": 0.515753,
    "1011->1005": 0.497369,
    "1011->1006": 0.411977,
    "1011->1007": 0.417233,
    "1011->1008": 0.474446,
    "1011->1009": 0.395747,
    "1011->1010": 0.493895,
    "1011->1012": 0.556754,
    "1011->1013": 0.526742,
    "1011->1014": 0.461875,
    "1011->1015": 0.385893,
    "1011->1016": 0.420862,
    "1012->1001": 0.595934,
    "1012->1002": 0.543736,
    "1012->1003": 0.419782,
    "1012->1004": 0.457347,
    "1012->1005": 0.416231,
    "1012->1006": 0.544859,
    "1012->1007": 0.57977,
    "1012->1008": 0.408532,
    "1012->1009": 0.398134,
    "1012->1010": 0.488622,
    "1012->1011": 0.572873,
    "1012->1013": 0.415128,
    "1012->1014": 0.367996,
    "1012->1015": 0.362862,
    "1012->1016": 0.361487,
    "1013->1001": 0.474006,
    "1013->1002": 0.434775,
    "1013->1003": 0.493212,
    "1013->1004": 0.44654,
    "1013->1005": 0.644377,
    "1013->1006": 0.509203,
    "1013->1007": 0.378649,
    "1013->1008": 0.484058,
    "1013->1009": 0.420221,
    "1013->1010": 0.425968,
    "1013->1011": 0.519187,
    "1013->1012": 0.548468,
    "1013->1014": 0.43668,
    "1013->1015": 0.357472,
    "1013->1016": 0.402271,
    "1014->1001": 0.462913,
    "1014->1002": 0.371261,
    "1014->1003": 0.511791,
    "1014->1004": 0.491195,
    "1014->1005": 0.605584,
    "1014->1006": 0.438171,
    "1014->1007": 0.453043,
    "1014->1008": 0.488249,
    "1014->1009": 0.414108,
    "1014->1010": 0.409345,
    "1014->1011": 0.449433,
    "1014->1012": 0.484073,
    "1014->1013": 0.556472,
    "1014->1015": 0.500306,
    "1014->1016": 0.522224,
    "1015->1001": 0.326853,
    "1015->1002": 0.404718,
    "1015->1003": 0.489221,
    "1015->1004": 0.526756,
    "1015->1005": 0.445971,
    "1015->1006": 0.455589,
    "1015->1007": 0.479562,
    "1015->1008": 0.425947,
    "1015->1009": 0.587853,
    "1015->1010": 0.498225,
    "1015->1011": 0.3883,
    "1015->1012": 0.333672,
    "1015->1013": 0.449626,
    "1015->1014": 0.494999,
    "1015->1016": 0.559782,
    "1016->1001": 0.36586,
    "1016->1002": 0.323647,
    "1016->1003": 0.568779,
    "1016->1004": 0.478973,
    "1016->1005": 0.502077,
    "1016->1006": 0.504854,
    "1016->1007": 0.553751,
    "1016->1008": 0.407713,
    "1016->1009": 0.603496,
    "1016->1010": 0.371099,
    "1016->1011": 0.4004,
    "1016->1012": 0.468897,
    "1016->1013": 0.502489,
    "1016->1014": 0.569698,
    "1016->1015": 0.587623
}