{
    "1001->1002": 0.587598,
    "1001->1003": 0.401043,
    "1001->1004": 0.430929,
    "1001->1005": 0.559501,
    "1001->1006": 0.487757,
    "1001->1007": 0.369533,
    "1001->1008": 0.48205,
    "1001->1009": 0.380805,
    "1001->1010": 0.459262,
    "1001->1011": 0.370072,
    "1001->1012": 0.327874,
    "1001->1013": 0.514428,
    "1001->1014": 0.534022,
    "1001->1015": 0.524782,
    "1001->1016": 0.338687,
    "1002->1001": 0.491783,
    "1002->1003": 0.405721,
    "1002->1004": 0.531911,
    "1002->1005": 0.487378,
    "1002->1006": 0.461683,
    "1002->1007": 0.532861,
    "1002->1008": 0.492716,
    "1002->1009": 0.43187,
    "1002->1010": 0.378841,
    "1002->1011": 0.456942,
    "1002->1012": 0.519937,
    "1002->1013": 0.490417,
    "1002->1014": 0.348421,
    "1002->1015": 0.412249,
    "1002->1016": 0.469983,
    "1003->1001": 0.362886,
    "1003->1002": 0.416573,
    "1003->1004": 0.344397,
    "1003->1005": 0.366418,
    "1003->1006": 0.478408,
    "1003->1007": 0.42592,
    "1003->1008": 0.466569,
    "1003->1009": 0.566494,
    "1003->1010": 0.476893,
    "1003->1011": 0.465437,
    "1003->1012": 0.499982,
    "1003->1013": 0.432558,
    "1003->1014": 0.485934,
    "1003->1015": 0.414453,
    "1003->1016": 0.486712,
    "1004->1001": 0.491285,
    "1004->1002": 0.50498,
    "1004->1003": 0.337766,
    "1004->1005": 0.59073,
    "1004->1006": 0.433386,
    "1004->1007": 0.392597,
    "1004->1008": 0.478121,
    "1004->1009": 0.328722,
    "1004->1010": 0.424434,
    "1004->1011": 0.401675,
    "1004->1012": 0.400495,
    "1004->1013": 0.496055,
    "1004->1014": 0.46059,
    "1004->1015": 0.439429,
    "1004->1016": 0.403475,
    "1005->1001": 0.55344,
    "1005->1002": 0.528429,
    "1005->1003": 0.386821,
    "1005->1004": 0.579415,
    "1005->1006": 0.47486,
    "1005->1007": 0.492417,
    "1005->1008": 0.4435,
    "1005->1009": 0.406127,
    "1005->1010": 0.396286,
    "1005->1011": 0.497271,
    "1005->1012": 0.272608,
    "1005->1013": 0.456492,
    "1005->1014": 0.517035,
    "1005->1015": 0.456875,
    "1005->1016": 0.411061,
    "1006->1001": 0.402247,
    "1006->1002": 0.423618,
    "1006->1003": 0.455545,
    "1006->1004": 0.407515,
    "1006->1005": 0.398492,
    "1006->1007": 0.427657,
    "1006->1008": 0.500545,
    "1006->1009": 0.498089,
    "1006->1010": 0.568232,
    "1006->1011": 0.427256,
    "1006->1012": 0.373009,
    "1006->1013": 0.561609,
    "1006->1014": 0.520826,
    "1006->1015": 0.518185,
    "1006->1016": 0.408087,
    "1007->1001": 0.417639,
    "1007->1002": 0.518657,
    "1007->1003": 0.398704,
    "1007->1004": 0.473914,
    "1007->1005": 0.500513,
    "1007->1006": 0.574545,
    "1007->1008": 0.389166,
    "1007->1009": 0.395919,
    "1007->1010": 0.349592,
    "1007->1011": 0.565923,
    "1007->1012": 0.369359,
    "1007->1013": 0.344747,
    "1007->1014": 0.595894,
    "1007->1015": 0.349294,
    "1007->1016": 0.566155,
    "1008->1001": 0.391278,
    "1008->1002": 0.299732,
    "1008->1003": 0.479445,
    "1008->1004": 0.510611,
    "1008->1005": 0.416526,
    "1008->1006": 0.487496,
    "1008->1007": 0.31539,
    "1008->1009": 0.490002,
    "1008->1010": 0.54967,
    "1008->1011": 0.362841,
    "1008->1012": 0.405933,
    "1008->1013": 0.499825,
    "1008->1014": 0.459415,
    "1008->1015": 0.560311,
    "1008->1016": 0.420352,
    "1009->1001": 0.32981,
    "1009->1002": 0.383658,
    "1009->1003": 0.544657,
    "1009->1004": 0.354541,
    "1009->1005": 0.399605,
    "1009->1006": 0.463277,
    "1009->1007": 0.453851,
    "1009->1008": 0.329094,
    "1009->1010": 0.525218,
    "1009->1011": 0.42765,
    "1009->1012": 0.462303,
    "1009->1013": 0.44759,
    "1009->1014": 0.490569,
    "1009->1015": 0.515121,
    "1009->1016": 0.502368,
    "1010->1001": 0.258616,
    "1010->1002": 0.344628,
    "1010->1003": 0.506372,
    "1010->1004": 0.281474,
    "1010->1005": 0.344868,
    "1010->1006": 0.49108,
    "1010->1007": 0.39308,
    "1010->1008": 0.597744,
    "1010->1009": 0.518531,
    "1010->1011": 0.329041,
    "1010->1012": 0.424164,
    "1010->1013": 0.417915,
    "1010->1014": 0.422821,
    "1010->1015": 0.574969,
    "1010->1016": 0.421519,
    "1011->1001": 0.450632,
    "1011->1002": 0.528214,
    "1011->1003": 0.402895,
    "1011->1004": 0.484948,
    "1011->1005": 0.561061,
    "1011->1006": 0.447381,
    "1011->1007": 0.483643,
    "1011->1008": 0.422396,
    "1011->1009": 0.335383,
    "1011->1010": 0.327896,
    "1011->1012": 0.456109,
    "1011->1013": 0.402002,
    "1011->1014": 0.526633,
    "1011->1015": 0.388185,
    "1011->1016": 0.605827,
    "1012->1001": 0.368084,
    "1012->1002": 0.432012,
    "1012->1003": 0.464969,
    "1012->1004": 0.410084,
    "1012->1005": 0.476722,
    "1012->1006": 0.36929,
    "1012->1007": 0.465971,
    "1012->1008": 0.339971,
    "1012->1009": 0.479216,
    "1012->1010": 0.355566,
    "1012->1011": 0.518872,
    "1012->1013": 0.295587,
    "1012->1014": 0.572458,
    "1012->1015": 0.337139,
    "1012->1016": 0.559536,
    "1013->1001": 0.465673,
    "1013->1002": 0.515718,
    "1013->1003": 0.490399,
    "1013->1004": 0.501365,
    "1013->1005": 0.441707,
    "1013->1006": 0.536069,
    "1013->1007": 0.383169,
    "1013->1008": 0.513722,
    "1013->1009": 0.471776,
    "1013->1010": 0.49604,
    "1013->1011": 0.295014,
    "1013->1012": 0.375802,
    "1013->1014": 0.477144,
    "1013->1015": 0.465918,
    "1013->1016": 0.35235,
    "1014->1001": 0.459228,
    "1014->1002": 0.45342,
    "1014->1003": 0.398464,
    "1014->1004": 0.493591,
    "1014->1005": 0.565738,
    "1014->1006": 0.644262,
    "1014->1007": 0.579696,
    "1014->1008": 0.454219,
    "1014->1009": 0.431479,
    "1014->1010": 0.359386,
    "1014->1011": 0.535646,
    "1014->1012": 0.48407,
    "1014->1013": 0.363173,
    "1014->1015": 0.376913,
    "1014->1016": 0.401443,
    "1015->1001": 0.319148,
    "1015->1002": 0.361319,
    "1015->1003": 0.49548,
    "1015->1004": 0.394672,
    "1015->1005": 0.447835,
    "1015->1006": 0.46932,
    "1015->1007": 0.375257,
    "1015->1008": 0.527648,
    "1015->1009": 0.50039,
    "1015->1010": 0.596554,
    "1015->1011": 0.368849,
    "1015->1012": 0.419878,
    "1015->1013": 0.445294,
    "1015->1014": 0.422549,
    "1015->1016": 0.399603,
    "1016->1001": 0.398328,
    "1016->1002": 0.424764,
    "1016->1003": 0.344334,
    "1016->1004": 0.435442,
    "1016->1005": 0.505435,
    "1016->1006": 0.580111,
    "1016->1007": 0.445918,
    "1016->1008": 0.395402,
    "1016->1009": 0.555811,
    "1016->1010": 0.368533,
    "1016->1011": 0.513314,
    "1016->1012": 0.624724,
    "1016->1013": 0.351577,
    "1016->1014": 0.521518,
    "1016->1015": 0.327216
}