{
    "1001->1002": 0.383918,
    "1001->1003": 0.49437,
    "1001->1004": 0.391845,
    "1001->1005": 0.244104,
    "1001->1006": 0.327722,
    "1001->1007": 0.424427,
    "1001->1008": 0.495129,
    "1001->1009": 0.361143,
    "1001->1010": 0.484299,
    "1001->1011": 0.455118,
    "1001->1012": 0.623507,
    "1001->1013": 0.389859,
    "1001->1014": 0.292882,
    "1001->1015": 0.326477,
    "1001->1016": 0.365684,
    "1002->1001": 0.284519,
    "1002->1003": 0.345616,
    "1002->1004": 0.497815,
    "1002->1005": 0.354551,
    "1002->1006": 0.484452,
    "1002->1007": 0.366075,
    "1002->1008": 0.388147,
    "1002->1009": 0.428354,
    "1002->1010": 0.485426,
    "1002->1011": 0.367738,
    "1002->1012": 0.364864,
    "1002->1013": 0.459913,
    "1002->1014": 0.513289,
    "1002->1015": 0.409004,
    "1002->1016": 0.349306,
    "1003->1001": 0.51969,
    "1003->1002": 0.413497,
    "1003->1004": 0.375067,
    "1003->1005": 0.270424,
    "1003->1006": 0.297257,
    "1003->1007": 0.400906,
    "1003->1008": 0.532773,
    "1003->1009": 0.489072,
    "1003->1010": 0.502105,
    "1003->1011": 0.462067,
    "1003->1012": 0.489305,
    "1003->1013": 0.394197,
    "1003->1014": 0.347603,
    "1003->1015": 0.329217,
    "1003->1016": 0.377785,
    "1004->1001": 0.355137,
    "1004->1002": 0.402575,
    "1004->1003": 0.329836,
    "1004->1005": 0.423236,
    "1004->1006": 0.442323,
    "1004->1007": 0.55507,
    "1004->1008": 0.462771,
    "1004->1009": 0.451372,
    "1004->1010": 0.296832,
    "1004->1011": 0.456428,
    "1004->1012": 0.3353,
    "1004->1013": 0.366436,
    "1004->1014": 0.463238,
    "1004->1015": 0.438652,
    "1004->1016": 0.523827,
    "1005->1001": 0.415883,
    "1005->1002": 0.454084,
    "1005->1003": 0.448502,
    "1005->1004": 0.229806,
    "1005->1006": 0.557722,
    "1005->1007": 0.264323,
    "1005->1008": 0.385479,
    "1005->1009": 0.487726,
    "1005->1010": 0.333176,
    "1005->1011": 0.309971,
    "1005->1012": 0.442709,
    "1005->1013": 0.515254,
    "1005->1014": 0.576361,
    "1005->1015": 0.382436,
    "1005->1016": 0.266364,
    "1006->1001": 0.399057,
    "1006->1002": 0.368285,
    "1006->1003": 0.415738,
    "1006->1004": 0.369657,
    "1006->1005": 0.509698,
    "1006->1007": 0.345242,
    "1006->1008": 0.364265,
    "1006->1009": 0.48207,
    "1006->1010": 0.312842,
    "1006->1011": 0.300033,
    "1006->1012": 0.454105,
    "1006->1013": 0.485511,
    "1006->1014": 0.515797,
    "1006->1015": 0.444662,
    "1006->1016": 0.383647,
    "1007->1001": 0.278513,
    "1007->1002": 0.484547,
    "1007->1003": 0.260497,
    "1007->1004": 0.55722,
    "1007->1005": 0.390445,
    "1007->1006": 0.420186,
    "1007->1008": 0.285865,
    "1007->1009": 0.434873,
    "1007->1010": 0.445015,
    "1007->1011": 0.509735,
    "1007->1012": 0.346089,
    "1007->1013": 0.375521,
    "1007->1014": 0.449505,
    "1007->1015": 0.488967,
    "1007->1016": 0.4822,
    "1008->1001": 0.378739,
    "1008->1002": 0.412559,
    "1008->1003": 0.525273,
    "1008->1004": 0.392714,
    "1008->1005": 0.300652,
    "1008->1006": 0.314695,
    "1008->1007": 0.458206,
    "1008->1009": 0.430924,
    "1008->1010": 0.489368,
    "1008->1011": 0.527139,
    "1008->1012": 0.449644,
    "1008->1013": 0.310011,
    "1008->1014": 0.310083,
    "1008->1015": 0.365535,
    "1008->1016": 0.423362,
    "1009->1001": 0.504692,
    "1009->1002": 0.316727,
    "1009->1003": 0.483419,
    "1009->1004": 0.341725,
    "1009->1005": 0.461557,
    "1009->1006": 0.362088,
    "1009->1007": 0.364839,
    "1009->1008": 0.457756,
    "1009->1010": 0.446734,
    "1009->1011": 0.318764,
    "1009->1012": 0.446636,
    "1009->1013": 0.490305,
    "1009->1014": 0.365386,
    "1009->1015": 0.327991,
    "1009->1016": 0.330361,
    "1010->1001": 0.371939,
    "1010->1002": 0.410867,
    "1010->1003": 0.426807,
    "1010->1004": 0.451682,
    "1010->1005": 0.306857,
    "1010->1006": 0.366197,
    "1010->1007": 0.489525,
    "1010->1008": 0.549338,
    "1010->1009": 0.466897,
    "1010->1011": 0.513418,
    "1010->1012": 0.333017,
    "1010->1013": 0.245889,
    "1010->1014": 0.349997,
    "1010->1015": 0.422024,
    "1010->1016": 0.468386,
    "1011->1001": 0.400675,
    "1011->1002": 0.405506,
    "1011->1003": 0.391532,
    "1011->1004": 0.465276,
    "1011->1005": 0.351919,
    "1011->1006": 0.397949,
    "1011->1007": 0.551319,
    "1011->1008": 0.399703,
    "1011->1009": 0.423222,
    "1011->1010": 0.450415,
    "1011->1012": 0.310412,
    "1011->1013": 0.338292,
    "1011->1014": 0.397886,
    "1011->1015": 0.46896,
    "1011->1016": 0.495574,
    "1012->1001": 0.555498,
    "1012->1002": 0.357285,
    "1012->1003": 0.521626,
    "1012->1004": 0.360072,
    "1012->1005": 0.205751,
    "1012->1006": 0.259214,
    "1012->1007": 0.37127,
    "1012->1008": 0.464118,
    "1012->1009": 0.389396,
    "1012->1010": 0.456375,
    "1012->1011": 0.427703,
    "1012->1013": 0.485645,
    "1012->1014": 0.268909,
    "1012->1015": 0.310816,
    "1012->1016": 0.358154,
    "1013->1001": 0.499798,
    "1013->1002": 0.371824,
    "1013->1003": 0.491776,
    "1013->1004": 0.279669,
    "1013->1005": 0.538749,
    "1013->1006": 0.398968,
    "1013->1007": 0.354339,
    "1013->1008": 0.44817,
    "1013->1009": 0.560602,
    "1013->1010": 0.380979,
    "1013->1011": 0.364936,
    "1013->1012": 0.509755,
    "1013->1014": 0.195265,
    "1013->1015": 0.281943,
    "1013->1016": 0.29129,
    "1014->1001": 0.372862,
    "1014->1002": 0.449785,
    "1014->1003": 0.373156,
    "1014->1004": 0.424474,
    "1014->1005": 0.517437,
    "1014->1006": 0.491706,
    "1014->1007": 0.307562,
    "1014->1008": 0.323393,
    "1014->1009": 0.466999,
    "1014->1010": 0.338812,
    "1014->1011": 0.398037,
    "1014->1012": 0.389352,
    "1014->1013": 0.455784,
    "1014->1015": 0.418896,
    "1014->1016": 0.321874,
    "1015->1001": 0.412181,
    "1015->1002": 0.44323,
    "1015->1003": 0.300337,
    "1015->1004": 0.433348,
    "1015->1005": 0.44502,
    "1015->1006": 0.476064,
    "1015->1007": 0.488278,
    "1015->1008": 0.430828,
    "1015->1009": 0.418229,
    "1015->1010": 0.319322,
    "1015->1011": 0.290783,
    "1015->1012": 0.314093,
    "1015->1013": 0.36433,
    "1015->1014": 0.48999,
    "1015->1016": 0.443671,
    "1016->1001": 0.312216,
    "1016->1002": 0.412226,
    "1016->1003": 0.2954,
    "1016->1004": 0.50436,
    "1016->1005": 0.429397,
    "1016->1006": 0.437726,
    "1016->1007": 0.416798,
    "1016->1008": 0.365775,
    "1016->1009": 0.38406,
    "1016->1010": 0.361669,
    "1016->1011": 0.47748,
    "1016->1012": 0.321658,
    "1016->1013": 0.355442,
    "1016->1014": 0.447907,
    "1016->1015": 0.532214
}