{
	"blcokSize": 20,
	"tps": 475.5244755244755
}{
	"blcokSize": 40,
	"tps": 703.2686414708886
}{
	"blcokSize": 60,
	"tps": 1023.2487309644671
}{
	"blcokSize": 80,
	"tps": 1534.0632603406325
}{
	"blcokSize": 100,
	"tps": 1611.4961271911945
}{
	"blcokSize": 120,
	"tps": 1641.1824668705403
}{
	"blcokSize": 140,
	"tps": 2255.271467861872
}{
	"blcokSize": 160,
	"tps": 2078.8009888751544
}{
	"blcokSize": 180,
	"tps": 2147.127844097541
}{
	"blcokSize": 200,
	"tps": 2570.0924974306267
}{
	"blcokSize": 220,
	"tps": 2643.3487416538264
}{
	"blcokSize": 240,
	"tps": 2723.9439500869385
}{
	"blcokSize": 260,
	"tps": 2636.8599979396313
}{
	"blcokSize": 280,
	"tps": 2879.9672265464974
}{
	"blcokSize": 300,
	"tps": 3065.5111936448984
}{
	"blcokSize": 320,
	"tps": 3066.3725892490766
}{
	"blcokSize": 340,
	"tps": 3266.1573404914307
}{
	"blcokSize": 360,
	"tps": 2941.345955958016
}{
	"blcokSize": 380,
	"tps": 3096.4656964656965
}{
	"blcokSize": 400,
	"tps": 3076.71601615074
}{
	"blcokSize": 420,
	"tps": 3153.1185031185028
}{
	"blcokSize": 440,
	"tps": 3180.5468586933835
}{
	"blcokSize": 460,
	"tps": 3223.900954779142
}{
	"blcokSize": 480,
	"tps": 3386.4825277254654
}{
	"blcokSize": 500,
	"tps": 3497.247325231121
}{
	"blcokSize": 520,
	"tps": 3410.0041425020713
}{
	"blcokSize": 540,
	"tps": 3455.8470059567353
}{
	"blcokSize": 560,
	"tps": 3432.4832775919735
}{
	"blcokSize": 580,
	"tps": 3279.487179487179
}{
	"blcokSize": 600,
	"tps": 3492.2541890610178
}{
	"blcokSize": 620,
	"tps": 3454.1573273561744
}{
	"blcokSize": 640,
	"tps": 3203.9606057397014
}{
	"blcokSize": 660,
	"tps": 3562.338779019776
}{
	"blcokSize": 680,
	"tps": 3570.6190527103604
}{
	"blcokSize": 700,
	"tps": 3434.473088124258
}{
	"blcokSize": 720,
	"tps": 3558.430630062059
}{
	"blcokSize": 740,
	"tps": 3561.9967793880837
}{
	"blcokSize": 760,
	"tps": 3365.749169968941
}{
	"blcokSize": 780,
	"tps": 3419.7611292073834
}{
	"blcokSize": 800,
	"tps": 3556.294944724697
}{
	"blcokSize": 820,
	"tps": 3278.541226215645
}{
	"blcokSize": 840,
	"tps": 3468.723129836629
}{
	"blcokSize": 860,
	"tps": 3613.731081377495
}{
	"blcokSize": 880,
	"tps": 3657.911944202267
}{
	"blcokSize": 900,
	"tps": 3725.852272727273
}{
	"blcokSize": 920,
	"tps": 3856.121438785612
}{
	"blcokSize": 940,
	"tps": 3780.51391862955
}{
	"blcokSize": 960,
	"tps": 3701.247537754432
}{
	"blcokSize": 980,
	"tps": 3598.8756613756614
}{
	"blcokSize": 1000,
	"tps": 3725.4592584244338
}