{
	"blcokSize": 100,
	"tps": 1464.761319401762
}{
	"blcokSize": 110,
	"tps": 1988.3934025656688
}{
	"blcokSize": 120,
	"tps": 1671.887796887797
}{
	"blcokSize": 130,
	"tps": 1914.3149284253577
}{
	"blcokSize": 140,
	"tps": 1854.0160846991753
}{
	"blcokSize": 150,
	"tps": 2348.461617090872
}{
	"blcokSize": 160,
	"tps": 2142.5666056538544
}{
	"blcokSize": 170,
	"tps": 2147.191011235955
}{
	"blcokSize": 180,
	"tps": 2268.5925015365706
}{
	"blcokSize": 190,
	"tps": 2734.816780647137
}{
	"blcokSize": 200,
	"tps": 2778.016140565941
}{
	"blcokSize": 210,
	"tps": 2835.8254813600984
}{
	"blcokSize": 220,
	"tps": 2449.954179818756
}{
	"blcokSize": 230,
	"tps": 2888.8888888888887
}{
	"blcokSize": 240,
	"tps": 3008.746655690471
}{
	"blcokSize": 250,
	"tps": 2947.233606557377
}{
	"blcokSize": 260,
	"tps": 2716.6975499279392
}{
	"blcokSize": 270,
	"tps": 2895.3741074200557
}{
	"blcokSize": 280,
	"tps": 2899.8366346742905
}{
	"blcokSize": 290,
	"tps": 3255.8067831449125
}{
	"blcokSize": 300,
	"tps": 3307.6369616610136
}{
	"blcokSize": 310,
	"tps": 3359.482493069104
}{
	"blcokSize": 320,
	"tps": 2883.6707429863322
}{
	"blcokSize": 330,
	"tps": 3254.849498327759
}{
	"blcokSize": 340,
	"tps": 3514.291610772882
}{
	"blcokSize": 350,
	"tps": 3159.3633732947496
}{
	"blcokSize": 360,
	"tps": 3285.2868345026827
}{
	"blcokSize": 370,
	"tps": 3240.4771871075764
}{
	"blcokSize": 380,
	"tps": 3219.4289261328368
}{
	"blcokSize": 390,
	"tps": 3465.9044087350635
}{
	"blcokSize": 400,
	"tps": 3450.0103284445363
}{
	"blcokSize": 410,
	"tps": 3366.5840561751343
}{
	"blcokSize": 420,
	"tps": 3223.568164913399
}{
	"blcokSize": 430,
	"tps": 3391.1831509395
}{
	"blcokSize": 440,
	"tps": 3446.6909848879627
}{
	"blcokSize": 450,
	"tps": 3580.578512396694
}{
	"blcokSize": 460,
	"tps": 3631.595314605577
}{
	"blcokSize": 470,
	"tps": 3764.1430073606725
}{
	"blcokSize": 480,
	"tps": 3720.690731301363
}{
	"blcokSize": 490,
	"tps": 3673.511505520586
}{
	"blcokSize": 500,
	"tps": 3775.5038437564926
}{
	"blcokSize": 510,
	"tps": 3861.7386777719935
}{
	"blcokSize": 520,
	"tps": 3703.420859922586
}{
	"blcokSize": 530,
	"tps": 3847.0954356846473
}{
	"blcokSize": 540,
	"tps": 3802.198952879581
}{
	"blcokSize": 550,
	"tps": 3782.121148606162
}{
	"blcokSize": 560,
	"tps": 3764.043761834631
}{
	"blcokSize": 570,
	"tps": 3689.1480197499736
}{
	"blcokSize": 580,
	"tps": 3724.4282744282746
}{
	"blcokSize": 590,
	"tps": 3836.9680287952574
}{
	"blcokSize": 600,
	"tps": 3917.2283066554337
}