{
	"bandwidth": 30,
	"tps": 1100.3173303306378
}{
	"bandwidth": 32,
	"tps": 1069.8147771219215
}{
	"bandwidth": 34,
	"tps": 1273.3754328783866
}{
	"bandwidth": 36,
	"tps": 1214.3730886850153
}{
	"bandwidth": 38,
	"tps": 1490.2878063663175
}{
	"bandwidth": 40,
	"tps": 1526.3907251093258
}{
	"bandwidth": 42,
	"tps": 1477.5068856472508
}{
	"bandwidth": 44,
	"tps": 1684.0450349934072
}{
	"bandwidth": 46,
	"tps": 1500.9649568308787
}{
	"bandwidth": 48,
	"tps": 1723.5623409669213
}{
	"bandwidth": 50,
	"tps": 1797.5960069267599
}{
	"bandwidth": 52,
	"tps": 1608.0048884815155
}{
	"bandwidth": 54,
	"tps": 1863.1984585741811
}{
	"bandwidth": 56,
	"tps": 1670.3285525378903
}{
	"bandwidth": 58,
	"tps": 1912.8068550254748
}{
	"bandwidth": 60,
	"tps": 1809.6973377872255
}