{
    "1001->1002": 0.427764,
    "1001->1003": 0.450065,
    "1001->1004": 0.468334,
    "1001->1005": 0.43798,
    "1001->1006": 0.437329,
    "1001->1007": 0.441788,
    "1001->1008": 0.468353,
    "1001->1009": 0.477188,
    "1001->1010": 0.476659,
    "1001->1011": 0.46541,
    "1001->1012": 0.501281,
    "1001->1013": 0.451691,
    "1001->1014": 0.439485,
    "1001->1015": 0.46314,
    "1001->1016": 0.457708,
    "1002->1001": 0.44728,
    "1002->1003": 0.407889,
    "1002->1004": 0.471811,
    "1002->1005": 0.481202,
    "1002->1006": 0.441632,
    "1002->1007": 0.453115,
    "1002->1008": 0.419683,
    "1002->1009": 0.469308,
    "1002->1010": 0.464176,
    "1002->1011": 0.513088,
    "1002->1012": 0.49145,
    "1002->1013": 0.452299,
    "1002->1014": 0.459528,
    "1002->1015": 0.477098,
    "1002->1016": 0.444705,
    "1003->1001": 0.454583,
    "1003->1002": 0.435669,
    "1003->1004": 0.465375,
    "1003->1005": 0.399062,
    "1003->1006": 0.436121,
    "1003->1007": 0.428736,
    "1003->1008": 0.465088,
    "1003->1009": 0.465336,
    "1003->1010": 0.447816,
    "1003->1011": 0.5048,
    "1003->1012": 0.523432,
    "1003->1013": 0.470039,
    "1003->1014": 0.443626,
    "1003->1015": 0.461602,
    "1003->1016": 0.441502,
    "1004->1001": 0.452695,
    "1004->1002": 0.458478,
    "1004->1003": 0.487987,
    "1004->1005": 0.471566,
    "1004->1006": 0.444558,
    "1004->1007": 0.463117,
    "1004->1008": 0.446839,
    "1004->1009": 0.441655,
    "1004->1010": 0.456921,
    "1004->1011": 0.446972,
    "1004->1012": 0.468285,
    "1004->1013": 0.459068,
    "1004->1014": 0.442358,
    "1004->1015": 0.44545,
    "1004->1016": 0.441938,
    "1005->1001": 0.45933,
    "1005->1002": 0.503413,
    "1005->1003": 0.429591,
    "1005->1004": 0.475041,
    "1005->1006": 0.464316,
    "1005->1007": 0.426785,
    "1005->1008": 0.404055,
    "1005->1009": 0.446099,
    "1005->1010": 0.456423,
    "1005->1011": 0.486619,
    "1005->1012": 0.462052,
    "1005->1013": 0.498849,
    "1005->1014": 0.453521,
    "1005->1015": 0.4635,
    "1005->1016": 0.455748,
    "1006->1001": 0.442495,
    "1006->1002": 0.437796,
    "1006->1003": 0.466485,
    "1006->1004": 0.484641,
    "1006->1005": 0.496122,
    "1006->1007": 0.466977,
    "1006->1008": 0.41722,
    "1006->1009": 0.436651,
    "1006->1010": 0.45276,
    "1006->1011": 0.452515,
    "1006->1012": 0.46116,
    "1006->1013": 0.474562,
    "1006->1014": 0.494363,
    "1006->1015": 0.458946,
    "1006->1016": 0.46553,
    "1007->1001": 0.444536,
    "1007->1002": 0.421497,
    "1007->1003": 0.427083,
    "1007->1004": 0.477182,
    "1007->1005": 0.47459,
    "1007->1006": 0.489398,
    "1007->1008": 0.458587,
    "1007->1009": 0.435858,
    "1007->1010": 0.450757,
    "1007->1011": 0.46086,
    "1007->1012": 0.456897,
    "1007->1013": 0.45188,
    "1007->1014": 0.518525,
    "1007->1015": 0.460149,
    "1007->1016": 0.489891,
    "1008->1001": 0.416055,
    "1008->1002": 0.403097,
    "1008->1003": 0.478189,
    "1008->1004": 0.464117,
    "1008->1005": 0.400941,
    "1008->1006": 0.458147,
    "1008->1007": 0.457576,
    "1008->1009": 0.469096,
    "1008->1010": 0.478731,
    "1008->1011": 0.432332,
    "1008->1012": 0.459246,
    "1008->1013": 0.441218,
    "1008->1014": 0.488431,
    "1008->1015": 0.538801,
    "1008->1016": 0.516876,
    "1009->1001": 0.432702,
    "1009->1002": 0.428397,
    "1009->1003": 0.463995,
    "1009->1004": 0.417438,
    "1009->1005": 0.460032,
    "1009->1006": 0.479934,
    "1009->1007": 0.447571,
    "1009->1008": 0.460205,
    "1009->1010": 0.465626,
    "1009->1011": 0.463223,
    "1009->1012": 0.456537,
    "1009->1013": 0.444663,
    "1009->1014": 0.46822,
    "1009->1015": 0.482209,
    "1009->1016": 0.496846,
    "1010->1001": 0.436395,
    "1010->1002": 0.441022,
    "1010->1003": 0.457634,
    "1010->1004": 0.424171,
    "1010->1005": 0.421821,
    "1010->1006": 0.417133,
    "1010->1007": 0.469262,
    "1010->1008": 0.505202,
    "1010->1009": 0.48966,
    "1010->1011": 0.471557,
    "1010->1012": 0.497833,
    "1010->1013": 0.402741,
    "1010->1014": 0.459738,
    "1010->1015": 0.510353,
    "1010->1016": 0.480986,
    "1011->1001": 0.453061,
    "1011->1002": 0.491098,
    "1011->1003": 0.481555,
    "1011->1004": 0.453181,
    "1011->1005": 0.488015,
    "1011->1006": 0.428606,
    "1011->1007": 0.465236,
    "1011->1008": 0.440842,
    "1011->1009": 0.437324,
    "1011->1010": 0.457827,
    "1011->1012": 0.482579,
    "1011->1013": 0.439684,
    "1011->1014": 0.451668,
    "1011->1015": 0.468226,
    "1011->1016": 0.499971,
    "1012->1001": 0.47619,
    "1012->1002": 0.453443,
    "1012->1003": 0.497702,
    "1012->1004": 0.43965,
    "1012->1005": 0.404683,
    "1012->1006": 0.446479,
    "1012->1007": 0.440185,
    "1012->1008": 0.454906,
    "1012->1009": 0.467252,
    "1012->1010": 0.490964,
    "1012->1011": 0.491281,
    "1012->1013": 0.420222,
    "1012->1014": 0.426647,
    "1012->1015": 0.410606,
    "1012->1016": 0.483194,
    "1013->1001": 0.470902,
    "1013->1002": 0.459099,
    "1013->1003": 0.457535,
    "1013->1004": 0.437753,
    "1013->1005": 0.498515,
    "1013->1006": 0.437039,
    "1013->1007": 0.435989,
    "1013->1008": 0.435313,
    "1013->1009": 0.461673,
    "1013->1010": 0.459658,
    "1013->1011": 0.441703,
    "1013->1012": 0.496905,
    "1013->1014": 0.423862,
    "1013->1015": 0.462343,
    "1013->1016": 0.434628,
    "1014->1001": 0.410359,
    "1014->1002": 0.41981,
    "1014->1003": 0.448242,
    "1014->1004": 0.437449,
    "1014->1005": 0.470175,
    "1014->1006": 0.494935,
    "1014->1007": 0.478035,
    "1014->1008": 0.466321,
    "1014->1009": 0.479298,
    "1014->1010": 0.428392,
    "1014->1011": 0.478794,
    "1014->1012": 0.438947,
    "1014->1013": 0.448492,
    "1014->1015": 0.497523,
    "1014->1016": 0.492591,
    "1015->1001": 0.405754,
    "1015->1002": 0.451673,
    "1015->1003": 0.460557,
    "1015->1004": 0.45316,
    "1015->1005": 0.486552,
    "1015->1006": 0.465389,
    "1015->1007": 0.430674,
    "1015->1008": 0.444167,
    "1015->1009": 0.463941,
    "1015->1010": 0.453399,
    "1015->1011": 0.444735,
    "1015->1012": 0.424853,
    "1015->1013": 0.465132,
    "1015->1014": 0.49129,
    "1015->1016": 0.504335,
    "1016->1001": 0.39701,
    "1016->1002": 0.439469,
    "1016->1003": 0.45558,
    "1016->1004": 0.456792,
    "1016->1005": 0.461262,
    "1016->1006": 0.467473,
    "1016->1007": 0.453775,
    "1016->1008": 0.446129,
    "1016->1009": 0.481603,
    "1016->1010": 0.415346,
    "1016->1011": 0.467904,
    "1016->1012": 0.486134,
    "1016->1013": 0.452976,
    "1016->1014": 0.492885,
    "1016->1015": 0.524855
}